ImageNumber,ObjectNumber,Metadata_Date,Metadata_FileLocation,Metadata_Frame,Metadata_NR,Metadata_R_NUMBER,Metadata_STAIN,Metadata_Series,Metadata_T_NUMBER,Metadata_Xcoord,Metadata_Ycoord,Location_Center_X,Location_Center_Y,Location_Center_Z,Number_Object_Number,Parent_nuclei_HE
1,1,nan,file:/Users/tpeters4/Library/CloudStorage/OneDrive-UMCUtrecht/Documenten/PhD%20Documents/Projecten/SlideToolkit/CellProfiler%20upgrade_study/CD34/DAB/summary/AE2608.CD34.1010.X10000.Y4000.normalized.tile.tissue.png,0,AE2608,1010,CD34,0,nan,X10000,Y4000,1374.2790697674418,26.209302325581394,0,1,5
1,2,nan,file:/Users/tpeters4/Library/CloudStorage/OneDrive-UMCUtrecht/Documenten/PhD%20Documents/Projecten/SlideToolkit/CellProfiler%20upgrade_study/CD34/DAB/summary/AE2608.CD34.1010.X10000.Y4000.normalized.tile.tissue.png,0,AE2608,1010,CD34,0,nan,X10000,Y4000,1139.2073170731708,36.048780487804876,0,2,8
1,3,nan,file:/Users/tpeters4/Library/CloudStorage/OneDrive-UMCUtrecht/Documenten/PhD%20Documents/Projecten/SlideToolkit/CellProfiler%20upgrade_study/CD34/DAB/summary/AE2608.CD34.1010.X10000.Y4000.normalized.tile.tissue.png,0,AE2608,1010,CD34,0,nan,X10000,Y4000,1237.8548387096773,40.38709677419355,0,3,10
1,4,nan,file:/Users/tpeters4/Library/CloudStorage/OneDrive-UMCUtrecht/Documenten/PhD%20Documents/Projecten/SlideToolkit/CellProfiler%20upgrade_study/CD34/DAB/summary/AE2608.CD34.1010.X10000.Y4000.normalized.tile.tissue.png,0,AE2608,1010,CD34,0,nan,X10000,Y4000,1457.4375,83.875,0,4,13
1,5,nan,file:/Users/tpeters4/Library/CloudStorage/OneDrive-UMCUtrecht/Documenten/PhD%20Documents/Projecten/SlideToolkit/CellProfiler%20upgrade_study/CD34/DAB/summary/AE2608.CD34.1010.X10000.Y4000.normalized.tile.tissue.png,0,AE2608,1010,CD34,0,nan,X10000,Y4000,1178.1475409836066,89.09836065573771,0,5,15
1,6,nan,file:/Users/tpeters4/Library/CloudStorage/OneDrive-UMCUtrecht/Documenten/PhD%20Documents/Projecten/SlideToolkit/CellProfiler%20upgrade_study/CD34/DAB/summary/AE2608.CD34.1010.X10000.Y4000.normalized.tile.tissue.png,0,AE2608,1010,CD34,0,nan,X10000,Y4000,1252.051724137931,118.12068965517241,0,6,19
1,7,nan,file:/Users/tpeters4/Library/CloudStorage/OneDrive-UMCUtrecht/Documenten/PhD%20Documents/Projecten/SlideToolkit/CellProfiler%20upgrade_study/CD34/DAB/summary/AE2608.CD34.1010.X10000.Y4000.normalized.tile.tissue.png,0,AE2608,1010,CD34,0,nan,X10000,Y4000,1379.8666666666666,140.6,0,7,22
1,8,nan,file:/Users/tpeters4/Library/CloudStorage/OneDrive-UMCUtrecht/Documenten/PhD%20Documents/Projecten/SlideToolkit/CellProfiler%20upgrade_study/CD34/DAB/summary/AE2608.CD34.1010.X10000.Y4000.normalized.tile.tissue.png,0,AE2608,1010,CD34,0,nan,X10000,Y4000,1121.326923076923,147.28846153846155,0,8,23
1,9,nan,file:/Users/tpeters4/Library/CloudStorage/OneDrive-UMCUtrecht/Documenten/PhD%20Documents/Projecten/SlideToolkit/CellProfiler%20upgrade_study/CD34/DAB/summary/AE2608.CD34.1010.X10000.Y4000.normalized.tile.tissue.png,0,AE2608,1010,CD34,0,nan,X10000,Y4000,1528.4565217391305,149.07608695652175,0,9,24
1,10,nan,file:/Users/tpeters4/Library/CloudStorage/OneDrive-UMCUtrecht/Documenten/PhD%20Documents/Projecten/SlideToolkit/CellProfiler%20upgrade_study/CD34/DAB/summary/AE2608.CD34.1010.X10000.Y4000.normalized.tile.tissue.png,0,AE2608,1010,CD34,0,nan,X10000,Y4000,1285.4878048780488,162.82926829268294,0,10,25
1,11,nan,file:/Users/tpeters4/Library/CloudStorage/OneDrive-UMCUtrecht/Documenten/PhD%20Documents/Projecten/SlideToolkit/CellProfiler%20upgrade_study/CD34/DAB/summary/AE2608.CD34.1010.X10000.Y4000.normalized.tile.tissue.png,0,AE2608,1010,CD34,0,nan,X10000,Y4000,1392.8510638297873,185.6595744680851,0,11,28
1,12,nan,file:/Users/tpeters4/Library/CloudStorage/OneDrive-UMCUtrecht/Documenten/PhD%20Documents/Projecten/SlideToolkit/CellProfiler%20upgrade_study/CD34/DAB/summary/AE2608.CD34.1010.X10000.Y4000.normalized.tile.tissue.png,0,AE2608,1010,CD34,0,nan,X10000,Y4000,1479.46875,206.625,0,12,33
1,13,nan,file:/Users/tpeters4/Library/CloudStorage/OneDrive-UMCUtrecht/Documenten/PhD%20Documents/Projecten/SlideToolkit/CellProfiler%20upgrade_study/CD34/DAB/summary/AE2608.CD34.1010.X10000.Y4000.normalized.tile.tissue.png,0,AE2608,1010,CD34,0,nan,X10000,Y4000,1100.982456140351,222.16666666666666,0,13,35
1,14,nan,file:/Users/tpeters4/Library/CloudStorage/OneDrive-UMCUtrecht/Documenten/PhD%20Documents/Projecten/SlideToolkit/CellProfiler%20upgrade_study/CD34/DAB/summary/AE2608.CD34.1010.X10000.Y4000.normalized.tile.tissue.png,0,AE2608,1010,CD34,0,nan,X10000,Y4000,1116.878048780488,216.1951219512195,0,14,37
1,15,nan,file:/Users/tpeters4/Library/CloudStorage/OneDrive-UMCUtrecht/Documenten/PhD%20Documents/Projecten/SlideToolkit/CellProfiler%20upgrade_study/CD34/DAB/summary/AE2608.CD34.1010.X10000.Y4000.normalized.tile.tissue.png,0,AE2608,1010,CD34,0,nan,X10000,Y4000,1267.945945945946,247.0,0,15,41
1,16,nan,file:/Users/tpeters4/Library/CloudStorage/OneDrive-UMCUtrecht/Documenten/PhD%20Documents/Projecten/SlideToolkit/CellProfiler%20upgrade_study/CD34/DAB/summary/AE2608.CD34.1010.X10000.Y4000.normalized.tile.tissue.png,0,AE2608,1010,CD34,0,nan,X10000,Y4000,1555.1216216216217,261.3378378378378,0,16,45
1,17,nan,file:/Users/tpeters4/Library/CloudStorage/OneDrive-UMCUtrecht/Documenten/PhD%20Documents/Projecten/SlideToolkit/CellProfiler%20upgrade_study/CD34/DAB/summary/AE2608.CD34.1010.X10000.Y4000.normalized.tile.tissue.png,0,AE2608,1010,CD34,0,nan,X10000,Y4000,1071.6176470588234,278.79411764705884,0,17,49
1,18,nan,file:/Users/tpeters4/Library/CloudStorage/OneDrive-UMCUtrecht/Documenten/PhD%20Documents/Projecten/SlideToolkit/CellProfiler%20upgrade_study/CD34/DAB/summary/AE2608.CD34.1010.X10000.Y4000.normalized.tile.tissue.png,0,AE2608,1010,CD34,0,nan,X10000,Y4000,1166.641791044776,286.75373134328356,0,18,50
1,19,nan,file:/Users/tpeters4/Library/CloudStorage/OneDrive-UMCUtrecht/Documenten/PhD%20Documents/Projecten/SlideToolkit/CellProfiler%20upgrade_study/CD34/DAB/summary/AE2608.CD34.1010.X10000.Y4000.normalized.tile.tissue.png,0,AE2608,1010,CD34,0,nan,X10000,Y4000,1514.9473684210527,286.55263157894734,0,19,51
1,20,nan,file:/Users/tpeters4/Library/CloudStorage/OneDrive-UMCUtrecht/Documenten/PhD%20Documents/Projecten/SlideToolkit/CellProfiler%20upgrade_study/CD34/DAB/summary/AE2608.CD34.1010.X10000.Y4000.normalized.tile.tissue.png,0,AE2608,1010,CD34,0,nan,X10000,Y4000,1005.8205128205128,318.46153846153845,0,20,62
1,21,nan,file:/Users/tpeters4/Library/CloudStorage/OneDrive-UMCUtrecht/Documenten/PhD%20Documents/Projecten/SlideToolkit/CellProfiler%20upgrade_study/CD34/DAB/summary/AE2608.CD34.1010.X10000.Y4000.normalized.tile.tissue.png,0,AE2608,1010,CD34,0,nan,X10000,Y4000,955.4255319148937,329.5744680851064,0,21,68
1,22,nan,file:/Users/tpeters4/Library/CloudStorage/OneDrive-UMCUtrecht/Documenten/PhD%20Documents/Projecten/SlideToolkit/CellProfiler%20upgrade_study/CD34/DAB/summary/AE2608.CD34.1010.X10000.Y4000.normalized.tile.tissue.png,0,AE2608,1010,CD34,0,nan,X10000,Y4000,999.025641025641,347.7692307692308,0,22,73
1,23,nan,file:/Users/tpeters4/Library/CloudStorage/OneDrive-UMCUtrecht/Documenten/PhD%20Documents/Projecten/SlideToolkit/CellProfiler%20upgrade_study/CD34/DAB/summary/AE2608.CD34.1010.X10000.Y4000.normalized.tile.tissue.png,0,AE2608,1010,CD34,0,nan,X10000,Y4000,1015.4893617021277,360.17021276595744,0,23,77
1,24,nan,file:/Users/tpeters4/Library/CloudStorage/OneDrive-UMCUtrecht/Documenten/PhD%20Documents/Projecten/SlideToolkit/CellProfiler%20upgrade_study/CD34/DAB/summary/AE2608.CD34.1010.X10000.Y4000.normalized.tile.tissue.png,0,AE2608,1010,CD34,0,nan,X10000,Y4000,1364.3030303030303,373.8181818181818,0,24,80
1,25,nan,file:/Users/tpeters4/Library/CloudStorage/OneDrive-UMCUtrecht/Documenten/PhD%20Documents/Projecten/SlideToolkit/CellProfiler%20upgrade_study/CD34/DAB/summary/AE2608.CD34.1010.X10000.Y4000.normalized.tile.tissue.png,0,AE2608,1010,CD34,0,nan,X10000,Y4000,1007.3225806451613,370.4516129032258,0,25,81
1,26,nan,file:/Users/tpeters4/Library/CloudStorage/OneDrive-UMCUtrecht/Documenten/PhD%20Documents/Projecten/SlideToolkit/CellProfiler%20upgrade_study/CD34/DAB/summary/AE2608.CD34.1010.X10000.Y4000.normalized.tile.tissue.png,0,AE2608,1010,CD34,0,nan,X10000,Y4000,933.1666666666666,374.9,0,26,83
1,27,nan,file:/Users/tpeters4/Library/CloudStorage/OneDrive-UMCUtrecht/Documenten/PhD%20Documents/Projecten/SlideToolkit/CellProfiler%20upgrade_study/CD34/DAB/summary/AE2608.CD34.1010.X10000.Y4000.normalized.tile.tissue.png,0,AE2608,1010,CD34,0,nan,X10000,Y4000,1290.5555555555557,387.27777777777777,0,27,86
1,28,nan,file:/Users/tpeters4/Library/CloudStorage/OneDrive-UMCUtrecht/Documenten/PhD%20Documents/Projecten/SlideToolkit/CellProfiler%20upgrade_study/CD34/DAB/summary/AE2608.CD34.1010.X10000.Y4000.normalized.tile.tissue.png,0,AE2608,1010,CD34,0,nan,X10000,Y4000,1202.5,411.0,0,28,90
1,29,nan,file:/Users/tpeters4/Library/CloudStorage/OneDrive-UMCUtrecht/Documenten/PhD%20Documents/Projecten/SlideToolkit/CellProfiler%20upgrade_study/CD34/DAB/summary/AE2608.CD34.1010.X10000.Y4000.normalized.tile.tissue.png,0,AE2608,1010,CD34,0,nan,X10000,Y4000,888.5882352941177,414.94117647058823,0,29,91
1,30,nan,file:/Users/tpeters4/Library/CloudStorage/OneDrive-UMCUtrecht/Documenten/PhD%20Documents/Projecten/SlideToolkit/CellProfiler%20upgrade_study/CD34/DAB/summary/AE2608.CD34.1010.X10000.Y4000.normalized.tile.tissue.png,0,AE2608,1010,CD34,0,nan,X10000,Y4000,902.4516129032259,415.3225806451613,0,30,93
1,31,nan,file:/Users/tpeters4/Library/CloudStorage/OneDrive-UMCUtrecht/Documenten/PhD%20Documents/Projecten/SlideToolkit/CellProfiler%20upgrade_study/CD34/DAB/summary/AE2608.CD34.1010.X10000.Y4000.normalized.tile.tissue.png,0,AE2608,1010,CD34,0,nan,X10000,Y4000,1159.9,425.65,0,31,95
1,32,nan,file:/Users/tpeters4/Library/CloudStorage/OneDrive-UMCUtrecht/Documenten/PhD%20Documents/Projecten/SlideToolkit/CellProfiler%20upgrade_study/CD34/DAB/summary/AE2608.CD34.1010.X10000.Y4000.normalized.tile.tissue.png,0,AE2608,1010,CD34,0,nan,X10000,Y4000,1134.7818181818182,424.6545454545454,0,32,96
1,33,nan,file:/Users/tpeters4/Library/CloudStorage/OneDrive-UMCUtrecht/Documenten/PhD%20Documents/Projecten/SlideToolkit/CellProfiler%20upgrade_study/CD34/DAB/summary/AE2608.CD34.1010.X10000.Y4000.normalized.tile.tissue.png,0,AE2608,1010,CD34,0,nan,X10000,Y4000,875.7169811320755,429.811320754717,0,33,98
1,34,nan,file:/Users/tpeters4/Library/CloudStorage/OneDrive-UMCUtrecht/Documenten/PhD%20Documents/Projecten/SlideToolkit/CellProfiler%20upgrade_study/CD34/DAB/summary/AE2608.CD34.1010.X10000.Y4000.normalized.tile.tissue.png,0,AE2608,1010,CD34,0,nan,X10000,Y4000,1073.109375,438.40625,0,34,99
1,35,nan,file:/Users/tpeters4/Library/CloudStorage/OneDrive-UMCUtrecht/Documenten/PhD%20Documents/Projecten/SlideToolkit/CellProfiler%20upgrade_study/CD34/DAB/summary/AE2608.CD34.1010.X10000.Y4000.normalized.tile.tissue.png,0,AE2608,1010,CD34,0,nan,X10000,Y4000,1278.225806451613,432.4193548387097,0,35,100
1,36,nan,file:/Users/tpeters4/Library/CloudStorage/OneDrive-UMCUtrecht/Documenten/PhD%20Documents/Projecten/SlideToolkit/CellProfiler%20upgrade_study/CD34/DAB/summary/AE2608.CD34.1010.X10000.Y4000.normalized.tile.tissue.png,0,AE2608,1010,CD34,0,nan,X10000,Y4000,1205.5128205128206,442.94871794871796,0,36,101
1,37,nan,file:/Users/tpeters4/Library/CloudStorage/OneDrive-UMCUtrecht/Documenten/PhD%20Documents/Projecten/SlideToolkit/CellProfiler%20upgrade_study/CD34/DAB/summary/AE2608.CD34.1010.X10000.Y4000.normalized.tile.tissue.png,0,AE2608,1010,CD34,0,nan,X10000,Y4000,1358.8666666666666,448.1777777777778,0,37,103
1,38,nan,file:/Users/tpeters4/Library/CloudStorage/OneDrive-UMCUtrecht/Documenten/PhD%20Documents/Projecten/SlideToolkit/CellProfiler%20upgrade_study/CD34/DAB/summary/AE2608.CD34.1010.X10000.Y4000.normalized.tile.tissue.png,0,AE2608,1010,CD34,0,nan,X10000,Y4000,982.3235294117648,468.4117647058824,0,38,106
1,39,nan,file:/Users/tpeters4/Library/CloudStorage/OneDrive-UMCUtrecht/Documenten/PhD%20Documents/Projecten/SlideToolkit/CellProfiler%20upgrade_study/CD34/DAB/summary/AE2608.CD34.1010.X10000.Y4000.normalized.tile.tissue.png,0,AE2608,1010,CD34,0,nan,X10000,Y4000,1335.6222222222223,471.64444444444445,0,39,107
1,40,nan,file:/Users/tpeters4/Library/CloudStorage/OneDrive-UMCUtrecht/Documenten/PhD%20Documents/Projecten/SlideToolkit/CellProfiler%20upgrade_study/CD34/DAB/summary/AE2608.CD34.1010.X10000.Y4000.normalized.tile.tissue.png,0,AE2608,1010,CD34,0,nan,X10000,Y4000,1154.0172413793102,481.86206896551727,0,40,108
1,41,nan,file:/Users/tpeters4/Library/CloudStorage/OneDrive-UMCUtrecht/Documenten/PhD%20Documents/Projecten/SlideToolkit/CellProfiler%20upgrade_study/CD34/DAB/summary/AE2608.CD34.1010.X10000.Y4000.normalized.tile.tissue.png,0,AE2608,1010,CD34,0,nan,X10000,Y4000,897.4333333333333,500.8333333333333,0,41,112
1,42,nan,file:/Users/tpeters4/Library/CloudStorage/OneDrive-UMCUtrecht/Documenten/PhD%20Documents/Projecten/SlideToolkit/CellProfiler%20upgrade_study/CD34/DAB/summary/AE2608.CD34.1010.X10000.Y4000.normalized.tile.tissue.png,0,AE2608,1010,CD34,0,nan,X10000,Y4000,1166.3823529411766,506.7647058823529,0,42,113
1,43,nan,file:/Users/tpeters4/Library/CloudStorage/OneDrive-UMCUtrecht/Documenten/PhD%20Documents/Projecten/SlideToolkit/CellProfiler%20upgrade_study/CD34/DAB/summary/AE2608.CD34.1010.X10000.Y4000.normalized.tile.tissue.png,0,AE2608,1010,CD34,0,nan,X10000,Y4000,847.377358490566,505.4811320754717,0,43,114
1,44,nan,file:/Users/tpeters4/Library/CloudStorage/OneDrive-UMCUtrecht/Documenten/PhD%20Documents/Projecten/SlideToolkit/CellProfiler%20upgrade_study/CD34/DAB/summary/AE2608.CD34.1010.X10000.Y4000.normalized.tile.tissue.png,0,AE2608,1010,CD34,0,nan,X10000,Y4000,1242.8446601941748,522.5533980582525,0,44,115
1,45,nan,file:/Users/tpeters4/Library/CloudStorage/OneDrive-UMCUtrecht/Documenten/PhD%20Documents/Projecten/SlideToolkit/CellProfiler%20upgrade_study/CD34/DAB/summary/AE2608.CD34.1010.X10000.Y4000.normalized.tile.tissue.png,0,AE2608,1010,CD34,0,nan,X10000,Y4000,1097.5857142857142,516.1428571428571,0,45,116
1,46,nan,file:/Users/tpeters4/Library/CloudStorage/OneDrive-UMCUtrecht/Documenten/PhD%20Documents/Projecten/SlideToolkit/CellProfiler%20upgrade_study/CD34/DAB/summary/AE2608.CD34.1010.X10000.Y4000.normalized.tile.tissue.png,0,AE2608,1010,CD34,0,nan,X10000,Y4000,1306.6818181818182,512.1136363636364,0,46,117
1,47,nan,file:/Users/tpeters4/Library/CloudStorage/OneDrive-UMCUtrecht/Documenten/PhD%20Documents/Projecten/SlideToolkit/CellProfiler%20upgrade_study/CD34/DAB/summary/AE2608.CD34.1010.X10000.Y4000.normalized.tile.tissue.png,0,AE2608,1010,CD34,0,nan,X10000,Y4000,1287.5428571428572,534.1428571428571,0,47,119
1,48,nan,file:/Users/tpeters4/Library/CloudStorage/OneDrive-UMCUtrecht/Documenten/PhD%20Documents/Projecten/SlideToolkit/CellProfiler%20upgrade_study/CD34/DAB/summary/AE2608.CD34.1010.X10000.Y4000.normalized.tile.tissue.png,0,AE2608,1010,CD34,0,nan,X10000,Y4000,1002.3666666666667,543.7333333333333,0,48,120
1,49,nan,file:/Users/tpeters4/Library/CloudStorage/OneDrive-UMCUtrecht/Documenten/PhD%20Documents/Projecten/SlideToolkit/CellProfiler%20upgrade_study/CD34/DAB/summary/AE2608.CD34.1010.X10000.Y4000.normalized.tile.tissue.png,0,AE2608,1010,CD34,0,nan,X10000,Y4000,1242.0104166666667,553.1875,0,49,121
1,50,nan,file:/Users/tpeters4/Library/CloudStorage/OneDrive-UMCUtrecht/Documenten/PhD%20Documents/Projecten/SlideToolkit/CellProfiler%20upgrade_study/CD34/DAB/summary/AE2608.CD34.1010.X10000.Y4000.normalized.tile.tissue.png,0,AE2608,1010,CD34,0,nan,X10000,Y4000,782.8,550.525,0,50,122
1,51,nan,file:/Users/tpeters4/Library/CloudStorage/OneDrive-UMCUtrecht/Documenten/PhD%20Documents/Projecten/SlideToolkit/CellProfiler%20upgrade_study/CD34/DAB/summary/AE2608.CD34.1010.X10000.Y4000.normalized.tile.tissue.png,0,AE2608,1010,CD34,0,nan,X10000,Y4000,1232.0983606557377,577.8360655737705,0,51,125
1,52,nan,file:/Users/tpeters4/Library/CloudStorage/OneDrive-UMCUtrecht/Documenten/PhD%20Documents/Projecten/SlideToolkit/CellProfiler%20upgrade_study/CD34/DAB/summary/AE2608.CD34.1010.X10000.Y4000.normalized.tile.tissue.png,0,AE2608,1010,CD34,0,nan,X10000,Y4000,1259.04,584.78,0,52,127
1,53,nan,file:/Users/tpeters4/Library/CloudStorage/OneDrive-UMCUtrecht/Documenten/PhD%20Documents/Projecten/SlideToolkit/CellProfiler%20upgrade_study/CD34/DAB/summary/AE2608.CD34.1010.X10000.Y4000.normalized.tile.tissue.png,0,AE2608,1010,CD34,0,nan,X10000,Y4000,1111.5882352941176,591.9215686274509,0,53,128
1,54,nan,file:/Users/tpeters4/Library/CloudStorage/OneDrive-UMCUtrecht/Documenten/PhD%20Documents/Projecten/SlideToolkit/CellProfiler%20upgrade_study/CD34/DAB/summary/AE2608.CD34.1010.X10000.Y4000.normalized.tile.tissue.png,0,AE2608,1010,CD34,0,nan,X10000,Y4000,1291.2307692307693,590.6923076923077,0,54,129
1,55,nan,file:/Users/tpeters4/Library/CloudStorage/OneDrive-UMCUtrecht/Documenten/PhD%20Documents/Projecten/SlideToolkit/CellProfiler%20upgrade_study/CD34/DAB/summary/AE2608.CD34.1010.X10000.Y4000.normalized.tile.tissue.png,0,AE2608,1010,CD34,0,nan,X10000,Y4000,1437.5714285714287,605.8857142857142,0,55,134
1,56,nan,file:/Users/tpeters4/Library/CloudStorage/OneDrive-UMCUtrecht/Documenten/PhD%20Documents/Projecten/SlideToolkit/CellProfiler%20upgrade_study/CD34/DAB/summary/AE2608.CD34.1010.X10000.Y4000.normalized.tile.tissue.png,0,AE2608,1010,CD34,0,nan,X10000,Y4000,1257.4651162790697,603.6976744186046,0,56,135
1,57,nan,file:/Users/tpeters4/Library/CloudStorage/OneDrive-UMCUtrecht/Documenten/PhD%20Documents/Projecten/SlideToolkit/CellProfiler%20upgrade_study/CD34/DAB/summary/AE2608.CD34.1010.X10000.Y4000.normalized.tile.tissue.png,0,AE2608,1010,CD34,0,nan,X10000,Y4000,1250.9772727272727,634.25,0,57,140
1,58,nan,file:/Users/tpeters4/Library/CloudStorage/OneDrive-UMCUtrecht/Documenten/PhD%20Documents/Projecten/SlideToolkit/CellProfiler%20upgrade_study/CD34/DAB/summary/AE2608.CD34.1010.X10000.Y4000.normalized.tile.tissue.png,0,AE2608,1010,CD34,0,nan,X10000,Y4000,960.2156862745098,649.9117647058823,0,58,143
1,59,nan,file:/Users/tpeters4/Library/CloudStorage/OneDrive-UMCUtrecht/Documenten/PhD%20Documents/Projecten/SlideToolkit/CellProfiler%20upgrade_study/CD34/DAB/summary/AE2608.CD34.1010.X10000.Y4000.normalized.tile.tissue.png,0,AE2608,1010,CD34,0,nan,X10000,Y4000,1274.0975609756097,651.0121951219512,0,59,146
1,60,nan,file:/Users/tpeters4/Library/CloudStorage/OneDrive-UMCUtrecht/Documenten/PhD%20Documents/Projecten/SlideToolkit/CellProfiler%20upgrade_study/CD34/DAB/summary/AE2608.CD34.1010.X10000.Y4000.normalized.tile.tissue.png,0,AE2608,1010,CD34,0,nan,X10000,Y4000,864.258064516129,687.7903225806451,0,60,150
1,61,nan,file:/Users/tpeters4/Library/CloudStorage/OneDrive-UMCUtrecht/Documenten/PhD%20Documents/Projecten/SlideToolkit/CellProfiler%20upgrade_study/CD34/DAB/summary/AE2608.CD34.1010.X10000.Y4000.normalized.tile.tissue.png,0,AE2608,1010,CD34,0,nan,X10000,Y4000,1105.861111111111,686.1388888888889,0,61,151
1,62,nan,file:/Users/tpeters4/Library/CloudStorage/OneDrive-UMCUtrecht/Documenten/PhD%20Documents/Projecten/SlideToolkit/CellProfiler%20upgrade_study/CD34/DAB/summary/AE2608.CD34.1010.X10000.Y4000.normalized.tile.tissue.png,0,AE2608,1010,CD34,0,nan,X10000,Y4000,1160.5862068965516,688.1034482758621,0,62,152
1,63,nan,file:/Users/tpeters4/Library/CloudStorage/OneDrive-UMCUtrecht/Documenten/PhD%20Documents/Projecten/SlideToolkit/CellProfiler%20upgrade_study/CD34/DAB/summary/AE2608.CD34.1010.X10000.Y4000.normalized.tile.tissue.png,0,AE2608,1010,CD34,0,nan,X10000,Y4000,892.5227272727273,704.7727272727273,0,63,158
1,64,nan,file:/Users/tpeters4/Library/CloudStorage/OneDrive-UMCUtrecht/Documenten/PhD%20Documents/Projecten/SlideToolkit/CellProfiler%20upgrade_study/CD34/DAB/summary/AE2608.CD34.1010.X10000.Y4000.normalized.tile.tissue.png,0,AE2608,1010,CD34,0,nan,X10000,Y4000,1126.9423076923076,711.0961538461538,0,64,161
1,65,nan,file:/Users/tpeters4/Library/CloudStorage/OneDrive-UMCUtrecht/Documenten/PhD%20Documents/Projecten/SlideToolkit/CellProfiler%20upgrade_study/CD34/DAB/summary/AE2608.CD34.1010.X10000.Y4000.normalized.tile.tissue.png,0,AE2608,1010,CD34,0,nan,X10000,Y4000,888.7,715.2,0,65,164
1,66,nan,file:/Users/tpeters4/Library/CloudStorage/OneDrive-UMCUtrecht/Documenten/PhD%20Documents/Projecten/SlideToolkit/CellProfiler%20upgrade_study/CD34/DAB/summary/AE2608.CD34.1010.X10000.Y4000.normalized.tile.tissue.png,0,AE2608,1010,CD34,0,nan,X10000,Y4000,1056.8867924528302,753.188679245283,0,66,172
1,67,nan,file:/Users/tpeters4/Library/CloudStorage/OneDrive-UMCUtrecht/Documenten/PhD%20Documents/Projecten/SlideToolkit/CellProfiler%20upgrade_study/CD34/DAB/summary/AE2608.CD34.1010.X10000.Y4000.normalized.tile.tissue.png,0,AE2608,1010,CD34,0,nan,X10000,Y4000,1153.0232558139535,760.4186046511628,0,67,173
1,68,nan,file:/Users/tpeters4/Library/CloudStorage/OneDrive-UMCUtrecht/Documenten/PhD%20Documents/Projecten/SlideToolkit/CellProfiler%20upgrade_study/CD34/DAB/summary/AE2608.CD34.1010.X10000.Y4000.normalized.tile.tissue.png,0,AE2608,1010,CD34,0,nan,X10000,Y4000,661.3725490196078,771.4705882352941,0,68,174
1,69,nan,file:/Users/tpeters4/Library/CloudStorage/OneDrive-UMCUtrecht/Documenten/PhD%20Documents/Projecten/SlideToolkit/CellProfiler%20upgrade_study/CD34/DAB/summary/AE2608.CD34.1010.X10000.Y4000.normalized.tile.tissue.png,0,AE2608,1010,CD34,0,nan,X10000,Y4000,1174.103448275862,768.9310344827586,0,69,176
1,70,nan,file:/Users/tpeters4/Library/CloudStorage/OneDrive-UMCUtrecht/Documenten/PhD%20Documents/Projecten/SlideToolkit/CellProfiler%20upgrade_study/CD34/DAB/summary/AE2608.CD34.1010.X10000.Y4000.normalized.tile.tissue.png,0,AE2608,1010,CD34,0,nan,X10000,Y4000,951.0650406504066,792.2682926829268,0,70,177
1,71,nan,file:/Users/tpeters4/Library/CloudStorage/OneDrive-UMCUtrecht/Documenten/PhD%20Documents/Projecten/SlideToolkit/CellProfiler%20upgrade_study/CD34/DAB/summary/AE2608.CD34.1010.X10000.Y4000.normalized.tile.tissue.png,0,AE2608,1010,CD34,0,nan,X10000,Y4000,985.060606060606,786.7272727272727,0,71,179
1,72,nan,file:/Users/tpeters4/Library/CloudStorage/OneDrive-UMCUtrecht/Documenten/PhD%20Documents/Projecten/SlideToolkit/CellProfiler%20upgrade_study/CD34/DAB/summary/AE2608.CD34.1010.X10000.Y4000.normalized.tile.tissue.png,0,AE2608,1010,CD34,0,nan,X10000,Y4000,666.4509803921569,791.8235294117648,0,72,180
1,73,nan,file:/Users/tpeters4/Library/CloudStorage/OneDrive-UMCUtrecht/Documenten/PhD%20Documents/Projecten/SlideToolkit/CellProfiler%20upgrade_study/CD34/DAB/summary/AE2608.CD34.1010.X10000.Y4000.normalized.tile.tissue.png,0,AE2608,1010,CD34,0,nan,X10000,Y4000,1152.6382978723404,792.2340425531914,0,73,181
1,74,nan,file:/Users/tpeters4/Library/CloudStorage/OneDrive-UMCUtrecht/Documenten/PhD%20Documents/Projecten/SlideToolkit/CellProfiler%20upgrade_study/CD34/DAB/summary/AE2608.CD34.1010.X10000.Y4000.normalized.tile.tissue.png,0,AE2608,1010,CD34,0,nan,X10000,Y4000,1130.953488372093,796.0755813953489,0,74,182
1,75,nan,file:/Users/tpeters4/Library/CloudStorage/OneDrive-UMCUtrecht/Documenten/PhD%20Documents/Projecten/SlideToolkit/CellProfiler%20upgrade_study/CD34/DAB/summary/AE2608.CD34.1010.X10000.Y4000.normalized.tile.tissue.png,0,AE2608,1010,CD34,0,nan,X10000,Y4000,1070.8,792.6428571428571,0,75,183
1,76,nan,file:/Users/tpeters4/Library/CloudStorage/OneDrive-UMCUtrecht/Documenten/PhD%20Documents/Projecten/SlideToolkit/CellProfiler%20upgrade_study/CD34/DAB/summary/AE2608.CD34.1010.X10000.Y4000.normalized.tile.tissue.png,0,AE2608,1010,CD34,0,nan,X10000,Y4000,1192.0232558139535,799.8372093023256,0,76,184
1,77,nan,file:/Users/tpeters4/Library/CloudStorage/OneDrive-UMCUtrecht/Documenten/PhD%20Documents/Projecten/SlideToolkit/CellProfiler%20upgrade_study/CD34/DAB/summary/AE2608.CD34.1010.X10000.Y4000.normalized.tile.tissue.png,0,AE2608,1010,CD34,0,nan,X10000,Y4000,893.1875,811.3125,0,77,185
1,78,nan,file:/Users/tpeters4/Library/CloudStorage/OneDrive-UMCUtrecht/Documenten/PhD%20Documents/Projecten/SlideToolkit/CellProfiler%20upgrade_study/CD34/DAB/summary/AE2608.CD34.1010.X10000.Y4000.normalized.tile.tissue.png,0,AE2608,1010,CD34,0,nan,X10000,Y4000,1019.2045454545455,808.0909090909091,0,78,186
1,79,nan,file:/Users/tpeters4/Library/CloudStorage/OneDrive-UMCUtrecht/Documenten/PhD%20Documents/Projecten/SlideToolkit/CellProfiler%20upgrade_study/CD34/DAB/summary/AE2608.CD34.1010.X10000.Y4000.normalized.tile.tissue.png,0,AE2608,1010,CD34,0,nan,X10000,Y4000,1008.4666666666667,821.7666666666667,0,79,188
1,80,nan,file:/Users/tpeters4/Library/CloudStorage/OneDrive-UMCUtrecht/Documenten/PhD%20Documents/Projecten/SlideToolkit/CellProfiler%20upgrade_study/CD34/DAB/summary/AE2608.CD34.1010.X10000.Y4000.normalized.tile.tissue.png,0,AE2608,1010,CD34,0,nan,X10000,Y4000,690.8717948717949,829.9230769230769,0,80,193
1,81,nan,file:/Users/tpeters4/Library/CloudStorage/OneDrive-UMCUtrecht/Documenten/PhD%20Documents/Projecten/SlideToolkit/CellProfiler%20upgrade_study/CD34/DAB/summary/AE2608.CD34.1010.X10000.Y4000.normalized.tile.tissue.png,0,AE2608,1010,CD34,0,nan,X10000,Y4000,890.825,848.875,0,81,197
1,82,nan,file:/Users/tpeters4/Library/CloudStorage/OneDrive-UMCUtrecht/Documenten/PhD%20Documents/Projecten/SlideToolkit/CellProfiler%20upgrade_study/CD34/DAB/summary/AE2608.CD34.1010.X10000.Y4000.normalized.tile.tissue.png,0,AE2608,1010,CD34,0,nan,X10000,Y4000,911.6086956521739,868.5434782608696,0,82,199
1,83,nan,file:/Users/tpeters4/Library/CloudStorage/OneDrive-UMCUtrecht/Documenten/PhD%20Documents/Projecten/SlideToolkit/CellProfiler%20upgrade_study/CD34/DAB/summary/AE2608.CD34.1010.X10000.Y4000.normalized.tile.tissue.png,0,AE2608,1010,CD34,0,nan,X10000,Y4000,1055.878048780488,877.6341463414634,0,83,201
1,84,nan,file:/Users/tpeters4/Library/CloudStorage/OneDrive-UMCUtrecht/Documenten/PhD%20Documents/Projecten/SlideToolkit/CellProfiler%20upgrade_study/CD34/DAB/summary/AE2608.CD34.1010.X10000.Y4000.normalized.tile.tissue.png,0,AE2608,1010,CD34,0,nan,X10000,Y4000,1225.7254901960785,879.9803921568628,0,84,203
1,85,nan,file:/Users/tpeters4/Library/CloudStorage/OneDrive-UMCUtrecht/Documenten/PhD%20Documents/Projecten/SlideToolkit/CellProfiler%20upgrade_study/CD34/DAB/summary/AE2608.CD34.1010.X10000.Y4000.normalized.tile.tissue.png,0,AE2608,1010,CD34,0,nan,X10000,Y4000,709.175,891.025,0,85,206
1,86,nan,file:/Users/tpeters4/Library/CloudStorage/OneDrive-UMCUtrecht/Documenten/PhD%20Documents/Projecten/SlideToolkit/CellProfiler%20upgrade_study/CD34/DAB/summary/AE2608.CD34.1010.X10000.Y4000.normalized.tile.tissue.png,0,AE2608,1010,CD34,0,nan,X10000,Y4000,852.12,901.496,0,86,207
1,87,nan,file:/Users/tpeters4/Library/CloudStorage/OneDrive-UMCUtrecht/Documenten/PhD%20Documents/Projecten/SlideToolkit/CellProfiler%20upgrade_study/CD34/DAB/summary/AE2608.CD34.1010.X10000.Y4000.normalized.tile.tissue.png,0,AE2608,1010,CD34,0,nan,X10000,Y4000,1137.025,893.15,0,87,208
1,88,nan,file:/Users/tpeters4/Library/CloudStorage/OneDrive-UMCUtrecht/Documenten/PhD%20Documents/Projecten/SlideToolkit/CellProfiler%20upgrade_study/CD34/DAB/summary/AE2608.CD34.1010.X10000.Y4000.normalized.tile.tissue.png,0,AE2608,1010,CD34,0,nan,X10000,Y4000,950.1111111111111,905.3555555555556,0,88,212
1,89,nan,file:/Users/tpeters4/Library/CloudStorage/OneDrive-UMCUtrecht/Documenten/PhD%20Documents/Projecten/SlideToolkit/CellProfiler%20upgrade_study/CD34/DAB/summary/AE2608.CD34.1010.X10000.Y4000.normalized.tile.tissue.png,0,AE2608,1010,CD34,0,nan,X10000,Y4000,1298.8823529411766,910.8823529411765,0,89,214
1,90,nan,file:/Users/tpeters4/Library/CloudStorage/OneDrive-UMCUtrecht/Documenten/PhD%20Documents/Projecten/SlideToolkit/CellProfiler%20upgrade_study/CD34/DAB/summary/AE2608.CD34.1010.X10000.Y4000.normalized.tile.tissue.png,0,AE2608,1010,CD34,0,nan,X10000,Y4000,893.1666666666666,917.1111111111111,0,90,215
1,91,nan,file:/Users/tpeters4/Library/CloudStorage/OneDrive-UMCUtrecht/Documenten/PhD%20Documents/Projecten/SlideToolkit/CellProfiler%20upgrade_study/CD34/DAB/summary/AE2608.CD34.1010.X10000.Y4000.normalized.tile.tissue.png,0,AE2608,1010,CD34,0,nan,X10000,Y4000,1122.864406779661,931.1864406779661,0,91,218
1,92,nan,file:/Users/tpeters4/Library/CloudStorage/OneDrive-UMCUtrecht/Documenten/PhD%20Documents/Projecten/SlideToolkit/CellProfiler%20upgrade_study/CD34/DAB/summary/AE2608.CD34.1010.X10000.Y4000.normalized.tile.tissue.png,0,AE2608,1010,CD34,0,nan,X10000,Y4000,1071.8,938.56,0,92,219
1,93,nan,file:/Users/tpeters4/Library/CloudStorage/OneDrive-UMCUtrecht/Documenten/PhD%20Documents/Projecten/SlideToolkit/CellProfiler%20upgrade_study/CD34/DAB/summary/AE2608.CD34.1010.X10000.Y4000.normalized.tile.tissue.png,0,AE2608,1010,CD34,0,nan,X10000,Y4000,796.9152542372881,951.7881355932203,0,93,220
1,94,nan,file:/Users/tpeters4/Library/CloudStorage/OneDrive-UMCUtrecht/Documenten/PhD%20Documents/Projecten/SlideToolkit/CellProfiler%20upgrade_study/CD34/DAB/summary/AE2608.CD34.1010.X10000.Y4000.normalized.tile.tissue.png,0,AE2608,1010,CD34,0,nan,X10000,Y4000,937.3111111111111,964.1555555555556,0,94,223
1,95,nan,file:/Users/tpeters4/Library/CloudStorage/OneDrive-UMCUtrecht/Documenten/PhD%20Documents/Projecten/SlideToolkit/CellProfiler%20upgrade_study/CD34/DAB/summary/AE2608.CD34.1010.X10000.Y4000.normalized.tile.tissue.png,0,AE2608,1010,CD34,0,nan,X10000,Y4000,1122.7317073170732,975.8536585365854,0,95,225
1,96,nan,file:/Users/tpeters4/Library/CloudStorage/OneDrive-UMCUtrecht/Documenten/PhD%20Documents/Projecten/SlideToolkit/CellProfiler%20upgrade_study/CD34/DAB/summary/AE2608.CD34.1010.X10000.Y4000.normalized.tile.tissue.png,0,AE2608,1010,CD34,0,nan,X10000,Y4000,1003.493670886076,1000.9240506329114,0,96,228
1,97,nan,file:/Users/tpeters4/Library/CloudStorage/OneDrive-UMCUtrecht/Documenten/PhD%20Documents/Projecten/SlideToolkit/CellProfiler%20upgrade_study/CD34/DAB/summary/AE2608.CD34.1010.X10000.Y4000.normalized.tile.tissue.png,0,AE2608,1010,CD34,0,nan,X10000,Y4000,856.2941176470588,1003.1764705882352,0,97,230
1,98,nan,file:/Users/tpeters4/Library/CloudStorage/OneDrive-UMCUtrecht/Documenten/PhD%20Documents/Projecten/SlideToolkit/CellProfiler%20upgrade_study/CD34/DAB/summary/AE2608.CD34.1010.X10000.Y4000.normalized.tile.tissue.png,0,AE2608,1010,CD34,0,nan,X10000,Y4000,755.9333333333333,1007.7333333333333,0,98,233
1,99,nan,file:/Users/tpeters4/Library/CloudStorage/OneDrive-UMCUtrecht/Documenten/PhD%20Documents/Projecten/SlideToolkit/CellProfiler%20upgrade_study/CD34/DAB/summary/AE2608.CD34.1010.X10000.Y4000.normalized.tile.tissue.png,0,AE2608,1010,CD34,0,nan,X10000,Y4000,1080.4431818181818,1037.0227272727273,0,99,234
1,100,nan,file:/Users/tpeters4/Library/CloudStorage/OneDrive-UMCUtrecht/Documenten/PhD%20Documents/Projecten/SlideToolkit/CellProfiler%20upgrade_study/CD34/DAB/summary/AE2608.CD34.1010.X10000.Y4000.normalized.tile.tissue.png,0,AE2608,1010,CD34,0,nan,X10000,Y4000,992.1724137931035,1016.5862068965517,0,100,235
1,101,nan,file:/Users/tpeters4/Library/CloudStorage/OneDrive-UMCUtrecht/Documenten/PhD%20Documents/Projecten/SlideToolkit/CellProfiler%20upgrade_study/CD34/DAB/summary/AE2608.CD34.1010.X10000.Y4000.normalized.tile.tissue.png,0,AE2608,1010,CD34,0,nan,X10000,Y4000,710.3421052631579,1019.1315789473684,0,101,236
1,102,nan,file:/Users/tpeters4/Library/CloudStorage/OneDrive-UMCUtrecht/Documenten/PhD%20Documents/Projecten/SlideToolkit/CellProfiler%20upgrade_study/CD34/DAB/summary/AE2608.CD34.1010.X10000.Y4000.normalized.tile.tissue.png,0,AE2608,1010,CD34,0,nan,X10000,Y4000,745.3709677419355,1026.4354838709678,0,102,237
1,103,nan,file:/Users/tpeters4/Library/CloudStorage/OneDrive-UMCUtrecht/Documenten/PhD%20Documents/Projecten/SlideToolkit/CellProfiler%20upgrade_study/CD34/DAB/summary/AE2608.CD34.1010.X10000.Y4000.normalized.tile.tissue.png,0,AE2608,1010,CD34,0,nan,X10000,Y4000,972.2307692307693,1028.2179487179487,0,103,239
1,104,nan,file:/Users/tpeters4/Library/CloudStorage/OneDrive-UMCUtrecht/Documenten/PhD%20Documents/Projecten/SlideToolkit/CellProfiler%20upgrade_study/CD34/DAB/summary/AE2608.CD34.1010.X10000.Y4000.normalized.tile.tissue.png,0,AE2608,1010,CD34,0,nan,X10000,Y4000,898.1481481481482,1040.4259259259259,0,104,240
1,105,nan,file:/Users/tpeters4/Library/CloudStorage/OneDrive-UMCUtrecht/Documenten/PhD%20Documents/Projecten/SlideToolkit/CellProfiler%20upgrade_study/CD34/DAB/summary/AE2608.CD34.1010.X10000.Y4000.normalized.tile.tissue.png,0,AE2608,1010,CD34,0,nan,X10000,Y4000,758.9320388349514,1043.8349514563106,0,105,242
1,106,nan,file:/Users/tpeters4/Library/CloudStorage/OneDrive-UMCUtrecht/Documenten/PhD%20Documents/Projecten/SlideToolkit/CellProfiler%20upgrade_study/CD34/DAB/summary/AE2608.CD34.1010.X10000.Y4000.normalized.tile.tissue.png,0,AE2608,1010,CD34,0,nan,X10000,Y4000,934.8,1046.8,0,106,245
1,107,nan,file:/Users/tpeters4/Library/CloudStorage/OneDrive-UMCUtrecht/Documenten/PhD%20Documents/Projecten/SlideToolkit/CellProfiler%20upgrade_study/CD34/DAB/summary/AE2608.CD34.1010.X10000.Y4000.normalized.tile.tissue.png,0,AE2608,1010,CD34,0,nan,X10000,Y4000,823.2647058823529,1044.4117647058824,0,107,247
1,108,nan,file:/Users/tpeters4/Library/CloudStorage/OneDrive-UMCUtrecht/Documenten/PhD%20Documents/Projecten/SlideToolkit/CellProfiler%20upgrade_study/CD34/DAB/summary/AE2608.CD34.1010.X10000.Y4000.normalized.tile.tissue.png,0,AE2608,1010,CD34,0,nan,X10000,Y4000,945.7559055118111,1060.023622047244,0,108,249
1,109,nan,file:/Users/tpeters4/Library/CloudStorage/OneDrive-UMCUtrecht/Documenten/PhD%20Documents/Projecten/SlideToolkit/CellProfiler%20upgrade_study/CD34/DAB/summary/AE2608.CD34.1010.X10000.Y4000.normalized.tile.tissue.png,0,AE2608,1010,CD34,0,nan,X10000,Y4000,546.5142857142857,1061.1571428571428,0,109,252
1,110,nan,file:/Users/tpeters4/Library/CloudStorage/OneDrive-UMCUtrecht/Documenten/PhD%20Documents/Projecten/SlideToolkit/CellProfiler%20upgrade_study/CD34/DAB/summary/AE2608.CD34.1010.X10000.Y4000.normalized.tile.tissue.png,0,AE2608,1010,CD34,0,nan,X10000,Y4000,849.304347826087,1060.4565217391305,0,110,253
1,111,nan,file:/Users/tpeters4/Library/CloudStorage/OneDrive-UMCUtrecht/Documenten/PhD%20Documents/Projecten/SlideToolkit/CellProfiler%20upgrade_study/CD34/DAB/summary/AE2608.CD34.1010.X10000.Y4000.normalized.tile.tissue.png,0,AE2608,1010,CD34,0,nan,X10000,Y4000,557.3448275862069,1061.9655172413793,0,111,255
1,112,nan,file:/Users/tpeters4/Library/CloudStorage/OneDrive-UMCUtrecht/Documenten/PhD%20Documents/Projecten/SlideToolkit/CellProfiler%20upgrade_study/CD34/DAB/summary/AE2608.CD34.1010.X10000.Y4000.normalized.tile.tissue.png,0,AE2608,1010,CD34,0,nan,X10000,Y4000,807.4864864864865,1071.9054054054054,0,112,256
1,113,nan,file:/Users/tpeters4/Library/CloudStorage/OneDrive-UMCUtrecht/Documenten/PhD%20Documents/Projecten/SlideToolkit/CellProfiler%20upgrade_study/CD34/DAB/summary/AE2608.CD34.1010.X10000.Y4000.normalized.tile.tissue.png,0,AE2608,1010,CD34,0,nan,X10000,Y4000,1071.1157894736841,1081.7052631578947,0,113,257
1,114,nan,file:/Users/tpeters4/Library/CloudStorage/OneDrive-UMCUtrecht/Documenten/PhD%20Documents/Projecten/SlideToolkit/CellProfiler%20upgrade_study/CD34/DAB/summary/AE2608.CD34.1010.X10000.Y4000.normalized.tile.tissue.png,0,AE2608,1010,CD34,0,nan,X10000,Y4000,1034.7615894039734,1077.2980132450332,0,114,258
1,115,nan,file:/Users/tpeters4/Library/CloudStorage/OneDrive-UMCUtrecht/Documenten/PhD%20Documents/Projecten/SlideToolkit/CellProfiler%20upgrade_study/CD34/DAB/summary/AE2608.CD34.1010.X10000.Y4000.normalized.tile.tissue.png,0,AE2608,1010,CD34,0,nan,X10000,Y4000,862.8130081300814,1080.6910569105692,0,115,260
1,116,nan,file:/Users/tpeters4/Library/CloudStorage/OneDrive-UMCUtrecht/Documenten/PhD%20Documents/Projecten/SlideToolkit/CellProfiler%20upgrade_study/CD34/DAB/summary/AE2608.CD34.1010.X10000.Y4000.normalized.tile.tissue.png,0,AE2608,1010,CD34,0,nan,X10000,Y4000,744.7272727272727,1090.3181818181818,0,116,261
1,117,nan,file:/Users/tpeters4/Library/CloudStorage/OneDrive-UMCUtrecht/Documenten/PhD%20Documents/Projecten/SlideToolkit/CellProfiler%20upgrade_study/CD34/DAB/summary/AE2608.CD34.1010.X10000.Y4000.normalized.tile.tissue.png,0,AE2608,1010,CD34,0,nan,X10000,Y4000,896.3095238095239,1096.8809523809523,0,117,262
1,118,nan,file:/Users/tpeters4/Library/CloudStorage/OneDrive-UMCUtrecht/Documenten/PhD%20Documents/Projecten/SlideToolkit/CellProfiler%20upgrade_study/CD34/DAB/summary/AE2608.CD34.1010.X10000.Y4000.normalized.tile.tissue.png,0,AE2608,1010,CD34,0,nan,X10000,Y4000,828.7469879518072,1102.5180722891566,0,118,263
1,119,nan,file:/Users/tpeters4/Library/CloudStorage/OneDrive-UMCUtrecht/Documenten/PhD%20Documents/Projecten/SlideToolkit/CellProfiler%20upgrade_study/CD34/DAB/summary/AE2608.CD34.1010.X10000.Y4000.normalized.tile.tissue.png,0,AE2608,1010,CD34,0,nan,X10000,Y4000,771.0888888888888,1100.7777777777778,0,119,264
1,120,nan,file:/Users/tpeters4/Library/CloudStorage/OneDrive-UMCUtrecht/Documenten/PhD%20Documents/Projecten/SlideToolkit/CellProfiler%20upgrade_study/CD34/DAB/summary/AE2608.CD34.1010.X10000.Y4000.normalized.tile.tissue.png,0,AE2608,1010,CD34,0,nan,X10000,Y4000,1030.0224719101125,1110.2696629213483,0,120,268
1,121,nan,file:/Users/tpeters4/Library/CloudStorage/OneDrive-UMCUtrecht/Documenten/PhD%20Documents/Projecten/SlideToolkit/CellProfiler%20upgrade_study/CD34/DAB/summary/AE2608.CD34.1010.X10000.Y4000.normalized.tile.tissue.png,0,AE2608,1010,CD34,0,nan,X10000,Y4000,1063.7094972067039,1119.6201117318435,0,121,270
1,122,nan,file:/Users/tpeters4/Library/CloudStorage/OneDrive-UMCUtrecht/Documenten/PhD%20Documents/Projecten/SlideToolkit/CellProfiler%20upgrade_study/CD34/DAB/summary/AE2608.CD34.1010.X10000.Y4000.normalized.tile.tissue.png,0,AE2608,1010,CD34,0,nan,X10000,Y4000,612.741935483871,1115.9354838709678,0,122,273
1,123,nan,file:/Users/tpeters4/Library/CloudStorage/OneDrive-UMCUtrecht/Documenten/PhD%20Documents/Projecten/SlideToolkit/CellProfiler%20upgrade_study/CD34/DAB/summary/AE2608.CD34.1010.X10000.Y4000.normalized.tile.tissue.png,0,AE2608,1010,CD34,0,nan,X10000,Y4000,568.2058823529412,1118.0,0,123,275
1,124,nan,file:/Users/tpeters4/Library/CloudStorage/OneDrive-UMCUtrecht/Documenten/PhD%20Documents/Projecten/SlideToolkit/CellProfiler%20upgrade_study/CD34/DAB/summary/AE2608.CD34.1010.X10000.Y4000.normalized.tile.tissue.png,0,AE2608,1010,CD34,0,nan,X10000,Y4000,1044.0,1123.2166666666667,0,124,276
1,125,nan,file:/Users/tpeters4/Library/CloudStorage/OneDrive-UMCUtrecht/Documenten/PhD%20Documents/Projecten/SlideToolkit/CellProfiler%20upgrade_study/CD34/DAB/summary/AE2608.CD34.1010.X10000.Y4000.normalized.tile.tissue.png,0,AE2608,1010,CD34,0,nan,X10000,Y4000,646.5909090909091,1130.3454545454545,0,125,278
1,126,nan,file:/Users/tpeters4/Library/CloudStorage/OneDrive-UMCUtrecht/Documenten/PhD%20Documents/Projecten/SlideToolkit/CellProfiler%20upgrade_study/CD34/DAB/summary/AE2608.CD34.1010.X10000.Y4000.normalized.tile.tissue.png,0,AE2608,1010,CD34,0,nan,X10000,Y4000,780.3571428571429,1129.125,0,126,279
1,127,nan,file:/Users/tpeters4/Library/CloudStorage/OneDrive-UMCUtrecht/Documenten/PhD%20Documents/Projecten/SlideToolkit/CellProfiler%20upgrade_study/CD34/DAB/summary/AE2608.CD34.1010.X10000.Y4000.normalized.tile.tissue.png,0,AE2608,1010,CD34,0,nan,X10000,Y4000,1013.1860465116279,1133.8837209302326,0,127,280
1,128,nan,file:/Users/tpeters4/Library/CloudStorage/OneDrive-UMCUtrecht/Documenten/PhD%20Documents/Projecten/SlideToolkit/CellProfiler%20upgrade_study/CD34/DAB/summary/AE2608.CD34.1010.X10000.Y4000.normalized.tile.tissue.png,0,AE2608,1010,CD34,0,nan,X10000,Y4000,897.0,1137.344827586207,0,128,281
1,129,nan,file:/Users/tpeters4/Library/CloudStorage/OneDrive-UMCUtrecht/Documenten/PhD%20Documents/Projecten/SlideToolkit/CellProfiler%20upgrade_study/CD34/DAB/summary/AE2608.CD34.1010.X10000.Y4000.normalized.tile.tissue.png,0,AE2608,1010,CD34,0,nan,X10000,Y4000,721.4255319148937,1147.531914893617,0,129,284
1,130,nan,file:/Users/tpeters4/Library/CloudStorage/OneDrive-UMCUtrecht/Documenten/PhD%20Documents/Projecten/SlideToolkit/CellProfiler%20upgrade_study/CD34/DAB/summary/AE2608.CD34.1010.X10000.Y4000.normalized.tile.tissue.png,0,AE2608,1010,CD34,0,nan,X10000,Y4000,919.15,1147.5,0,130,286
1,131,nan,file:/Users/tpeters4/Library/CloudStorage/OneDrive-UMCUtrecht/Documenten/PhD%20Documents/Projecten/SlideToolkit/CellProfiler%20upgrade_study/CD34/DAB/summary/AE2608.CD34.1010.X10000.Y4000.normalized.tile.tissue.png,0,AE2608,1010,CD34,0,nan,X10000,Y4000,793.7317073170732,1147.0975609756097,0,131,287
1,132,nan,file:/Users/tpeters4/Library/CloudStorage/OneDrive-UMCUtrecht/Documenten/PhD%20Documents/Projecten/SlideToolkit/CellProfiler%20upgrade_study/CD34/DAB/summary/AE2608.CD34.1010.X10000.Y4000.normalized.tile.tissue.png,0,AE2608,1010,CD34,0,nan,X10000,Y4000,1016.5185185185185,1149.4814814814815,0,132,288
1,133,nan,file:/Users/tpeters4/Library/CloudStorage/OneDrive-UMCUtrecht/Documenten/PhD%20Documents/Projecten/SlideToolkit/CellProfiler%20upgrade_study/CD34/DAB/summary/AE2608.CD34.1010.X10000.Y4000.normalized.tile.tissue.png,0,AE2608,1010,CD34,0,nan,X10000,Y4000,1054.5740740740741,1150.3148148148148,0,133,289
1,134,nan,file:/Users/tpeters4/Library/CloudStorage/OneDrive-UMCUtrecht/Documenten/PhD%20Documents/Projecten/SlideToolkit/CellProfiler%20upgrade_study/CD34/DAB/summary/AE2608.CD34.1010.X10000.Y4000.normalized.tile.tissue.png,0,AE2608,1010,CD34,0,nan,X10000,Y4000,748.2941176470588,1158.450980392157,0,134,290
1,135,nan,file:/Users/tpeters4/Library/CloudStorage/OneDrive-UMCUtrecht/Documenten/PhD%20Documents/Projecten/SlideToolkit/CellProfiler%20upgrade_study/CD34/DAB/summary/AE2608.CD34.1010.X10000.Y4000.normalized.tile.tissue.png,0,AE2608,1010,CD34,0,nan,X10000,Y4000,986.960396039604,1158.3564356435643,0,135,291
1,136,nan,file:/Users/tpeters4/Library/CloudStorage/OneDrive-UMCUtrecht/Documenten/PhD%20Documents/Projecten/SlideToolkit/CellProfiler%20upgrade_study/CD34/DAB/summary/AE2608.CD34.1010.X10000.Y4000.normalized.tile.tissue.png,0,AE2608,1010,CD34,0,nan,X10000,Y4000,575.6136363636364,1159.3636363636363,0,136,292
1,137,nan,file:/Users/tpeters4/Library/CloudStorage/OneDrive-UMCUtrecht/Documenten/PhD%20Documents/Projecten/SlideToolkit/CellProfiler%20upgrade_study/CD34/DAB/summary/AE2608.CD34.1010.X10000.Y4000.normalized.tile.tissue.png,0,AE2608,1010,CD34,0,nan,X10000,Y4000,997.2432432432432,1160.6216216216217,0,137,293
1,138,nan,file:/Users/tpeters4/Library/CloudStorage/OneDrive-UMCUtrecht/Documenten/PhD%20Documents/Projecten/SlideToolkit/CellProfiler%20upgrade_study/CD34/DAB/summary/AE2608.CD34.1010.X10000.Y4000.normalized.tile.tissue.png,0,AE2608,1010,CD34,0,nan,X10000,Y4000,1102.774647887324,1161.112676056338,0,138,294
1,139,nan,file:/Users/tpeters4/Library/CloudStorage/OneDrive-UMCUtrecht/Documenten/PhD%20Documents/Projecten/SlideToolkit/CellProfiler%20upgrade_study/CD34/DAB/summary/AE2608.CD34.1010.X10000.Y4000.normalized.tile.tissue.png,0,AE2608,1010,CD34,0,nan,X10000,Y4000,914.9705882352941,1165.3529411764705,0,139,295
1,140,nan,file:/Users/tpeters4/Library/CloudStorage/OneDrive-UMCUtrecht/Documenten/PhD%20Documents/Projecten/SlideToolkit/CellProfiler%20upgrade_study/CD34/DAB/summary/AE2608.CD34.1010.X10000.Y4000.normalized.tile.tissue.png,0,AE2608,1010,CD34,0,nan,X10000,Y4000,603.9166666666666,1166.1944444444443,0,140,296
1,141,nan,file:/Users/tpeters4/Library/CloudStorage/OneDrive-UMCUtrecht/Documenten/PhD%20Documents/Projecten/SlideToolkit/CellProfiler%20upgrade_study/CD34/DAB/summary/AE2608.CD34.1010.X10000.Y4000.normalized.tile.tissue.png,0,AE2608,1010,CD34,0,nan,X10000,Y4000,932.578947368421,1175.9649122807018,0,141,299
1,142,nan,file:/Users/tpeters4/Library/CloudStorage/OneDrive-UMCUtrecht/Documenten/PhD%20Documents/Projecten/SlideToolkit/CellProfiler%20upgrade_study/CD34/DAB/summary/AE2608.CD34.1010.X10000.Y4000.normalized.tile.tissue.png,0,AE2608,1010,CD34,0,nan,X10000,Y4000,881.448275862069,1182.6896551724137,0,142,300
1,143,nan,file:/Users/tpeters4/Library/CloudStorage/OneDrive-UMCUtrecht/Documenten/PhD%20Documents/Projecten/SlideToolkit/CellProfiler%20upgrade_study/CD34/DAB/summary/AE2608.CD34.1010.X10000.Y4000.normalized.tile.tissue.png,0,AE2608,1010,CD34,0,nan,X10000,Y4000,1006.2702702702703,1184.6486486486488,0,143,301
1,144,nan,file:/Users/tpeters4/Library/CloudStorage/OneDrive-UMCUtrecht/Documenten/PhD%20Documents/Projecten/SlideToolkit/CellProfiler%20upgrade_study/CD34/DAB/summary/AE2608.CD34.1010.X10000.Y4000.normalized.tile.tissue.png,0,AE2608,1010,CD34,0,nan,X10000,Y4000,897.9152542372881,1194.8983050847457,0,144,302
1,145,nan,file:/Users/tpeters4/Library/CloudStorage/OneDrive-UMCUtrecht/Documenten/PhD%20Documents/Projecten/SlideToolkit/CellProfiler%20upgrade_study/CD34/DAB/summary/AE2608.CD34.1010.X10000.Y4000.normalized.tile.tissue.png,0,AE2608,1010,CD34,0,nan,X10000,Y4000,546.1951219512196,1199.1951219512196,0,145,304
1,146,nan,file:/Users/tpeters4/Library/CloudStorage/OneDrive-UMCUtrecht/Documenten/PhD%20Documents/Projecten/SlideToolkit/CellProfiler%20upgrade_study/CD34/DAB/summary/AE2608.CD34.1010.X10000.Y4000.normalized.tile.tissue.png,0,AE2608,1010,CD34,0,nan,X10000,Y4000,712.48,1201.88,0,146,305
1,147,nan,file:/Users/tpeters4/Library/CloudStorage/OneDrive-UMCUtrecht/Documenten/PhD%20Documents/Projecten/SlideToolkit/CellProfiler%20upgrade_study/CD34/DAB/summary/AE2608.CD34.1010.X10000.Y4000.normalized.tile.tissue.png,0,AE2608,1010,CD34,0,nan,X10000,Y4000,945.8297872340426,1216.6489361702127,0,147,310
1,148,nan,file:/Users/tpeters4/Library/CloudStorage/OneDrive-UMCUtrecht/Documenten/PhD%20Documents/Projecten/SlideToolkit/CellProfiler%20upgrade_study/CD34/DAB/summary/AE2608.CD34.1010.X10000.Y4000.normalized.tile.tissue.png,0,AE2608,1010,CD34,0,nan,X10000,Y4000,634.6666666666666,1220.1666666666667,0,148,312
1,149,nan,file:/Users/tpeters4/Library/CloudStorage/OneDrive-UMCUtrecht/Documenten/PhD%20Documents/Projecten/SlideToolkit/CellProfiler%20upgrade_study/CD34/DAB/summary/AE2608.CD34.1010.X10000.Y4000.normalized.tile.tissue.png,0,AE2608,1010,CD34,0,nan,X10000,Y4000,774.7674418604652,1227.4651162790697,0,149,314
1,150,nan,file:/Users/tpeters4/Library/CloudStorage/OneDrive-UMCUtrecht/Documenten/PhD%20Documents/Projecten/SlideToolkit/CellProfiler%20upgrade_study/CD34/DAB/summary/AE2608.CD34.1010.X10000.Y4000.normalized.tile.tissue.png,0,AE2608,1010,CD34,0,nan,X10000,Y4000,914.3548387096774,1230.032258064516,0,150,316
1,151,nan,file:/Users/tpeters4/Library/CloudStorage/OneDrive-UMCUtrecht/Documenten/PhD%20Documents/Projecten/SlideToolkit/CellProfiler%20upgrade_study/CD34/DAB/summary/AE2608.CD34.1010.X10000.Y4000.normalized.tile.tissue.png,0,AE2608,1010,CD34,0,nan,X10000,Y4000,1017.7835820895523,1239.3880597014925,0,151,318
1,152,nan,file:/Users/tpeters4/Library/CloudStorage/OneDrive-UMCUtrecht/Documenten/PhD%20Documents/Projecten/SlideToolkit/CellProfiler%20upgrade_study/CD34/DAB/summary/AE2608.CD34.1010.X10000.Y4000.normalized.tile.tissue.png,0,AE2608,1010,CD34,0,nan,X10000,Y4000,587.2173913043479,1240.4347826086957,0,152,319
1,153,nan,file:/Users/tpeters4/Library/CloudStorage/OneDrive-UMCUtrecht/Documenten/PhD%20Documents/Projecten/SlideToolkit/CellProfiler%20upgrade_study/CD34/DAB/summary/AE2608.CD34.1010.X10000.Y4000.normalized.tile.tissue.png,0,AE2608,1010,CD34,0,nan,X10000,Y4000,686.7446808510638,1243.787234042553,0,153,320
1,154,nan,file:/Users/tpeters4/Library/CloudStorage/OneDrive-UMCUtrecht/Documenten/PhD%20Documents/Projecten/SlideToolkit/CellProfiler%20upgrade_study/CD34/DAB/summary/AE2608.CD34.1010.X10000.Y4000.normalized.tile.tissue.png,0,AE2608,1010,CD34,0,nan,X10000,Y4000,863.2181818181818,1246.2,0,154,321
1,155,nan,file:/Users/tpeters4/Library/CloudStorage/OneDrive-UMCUtrecht/Documenten/PhD%20Documents/Projecten/SlideToolkit/CellProfiler%20upgrade_study/CD34/DAB/summary/AE2608.CD34.1010.X10000.Y4000.normalized.tile.tissue.png,0,AE2608,1010,CD34,0,nan,X10000,Y4000,651.7727272727273,1251.1818181818182,0,155,323
1,156,nan,file:/Users/tpeters4/Library/CloudStorage/OneDrive-UMCUtrecht/Documenten/PhD%20Documents/Projecten/SlideToolkit/CellProfiler%20upgrade_study/CD34/DAB/summary/AE2608.CD34.1010.X10000.Y4000.normalized.tile.tissue.png,0,AE2608,1010,CD34,0,nan,X10000,Y4000,880.6818181818181,1256.0454545454545,0,156,324
1,157,nan,file:/Users/tpeters4/Library/CloudStorage/OneDrive-UMCUtrecht/Documenten/PhD%20Documents/Projecten/SlideToolkit/CellProfiler%20upgrade_study/CD34/DAB/summary/AE2608.CD34.1010.X10000.Y4000.normalized.tile.tissue.png,0,AE2608,1010,CD34,0,nan,X10000,Y4000,818.8333333333334,1260.0333333333333,0,157,325
1,158,nan,file:/Users/tpeters4/Library/CloudStorage/OneDrive-UMCUtrecht/Documenten/PhD%20Documents/Projecten/SlideToolkit/CellProfiler%20upgrade_study/CD34/DAB/summary/AE2608.CD34.1010.X10000.Y4000.normalized.tile.tissue.png,0,AE2608,1010,CD34,0,nan,X10000,Y4000,920.9112426035502,1266.2544378698226,0,158,326
1,159,nan,file:/Users/tpeters4/Library/CloudStorage/OneDrive-UMCUtrecht/Documenten/PhD%20Documents/Projecten/SlideToolkit/CellProfiler%20upgrade_study/CD34/DAB/summary/AE2608.CD34.1010.X10000.Y4000.normalized.tile.tissue.png,0,AE2608,1010,CD34,0,nan,X10000,Y4000,788.8611111111111,1271.3333333333333,0,159,327
1,160,nan,file:/Users/tpeters4/Library/CloudStorage/OneDrive-UMCUtrecht/Documenten/PhD%20Documents/Projecten/SlideToolkit/CellProfiler%20upgrade_study/CD34/DAB/summary/AE2608.CD34.1010.X10000.Y4000.normalized.tile.tissue.png,0,AE2608,1010,CD34,0,nan,X10000,Y4000,664.3823529411765,1278.9411764705883,0,160,331
1,161,nan,file:/Users/tpeters4/Library/CloudStorage/OneDrive-UMCUtrecht/Documenten/PhD%20Documents/Projecten/SlideToolkit/CellProfiler%20upgrade_study/CD34/DAB/summary/AE2608.CD34.1010.X10000.Y4000.normalized.tile.tissue.png,0,AE2608,1010,CD34,0,nan,X10000,Y4000,755.9047619047619,1285.7619047619048,0,161,332
1,162,nan,file:/Users/tpeters4/Library/CloudStorage/OneDrive-UMCUtrecht/Documenten/PhD%20Documents/Projecten/SlideToolkit/CellProfiler%20upgrade_study/CD34/DAB/summary/AE2608.CD34.1010.X10000.Y4000.normalized.tile.tissue.png,0,AE2608,1010,CD34,0,nan,X10000,Y4000,928.4117647058823,1285.4411764705883,0,162,333
1,163,nan,file:/Users/tpeters4/Library/CloudStorage/OneDrive-UMCUtrecht/Documenten/PhD%20Documents/Projecten/SlideToolkit/CellProfiler%20upgrade_study/CD34/DAB/summary/AE2608.CD34.1010.X10000.Y4000.normalized.tile.tissue.png,0,AE2608,1010,CD34,0,nan,X10000,Y4000,621.26,1293.54,0,163,334
1,164,nan,file:/Users/tpeters4/Library/CloudStorage/OneDrive-UMCUtrecht/Documenten/PhD%20Documents/Projecten/SlideToolkit/CellProfiler%20upgrade_study/CD34/DAB/summary/AE2608.CD34.1010.X10000.Y4000.normalized.tile.tissue.png,0,AE2608,1010,CD34,0,nan,X10000,Y4000,844.5982905982906,1289.2735042735044,0,164,335
1,165,nan,file:/Users/tpeters4/Library/CloudStorage/OneDrive-UMCUtrecht/Documenten/PhD%20Documents/Projecten/SlideToolkit/CellProfiler%20upgrade_study/CD34/DAB/summary/AE2608.CD34.1010.X10000.Y4000.normalized.tile.tissue.png,0,AE2608,1010,CD34,0,nan,X10000,Y4000,598.969696969697,1300.9242424242425,0,165,336
1,166,nan,file:/Users/tpeters4/Library/CloudStorage/OneDrive-UMCUtrecht/Documenten/PhD%20Documents/Projecten/SlideToolkit/CellProfiler%20upgrade_study/CD34/DAB/summary/AE2608.CD34.1010.X10000.Y4000.normalized.tile.tissue.png,0,AE2608,1010,CD34,0,nan,X10000,Y4000,760.925,1311.925,0,166,341
1,167,nan,file:/Users/tpeters4/Library/CloudStorage/OneDrive-UMCUtrecht/Documenten/PhD%20Documents/Projecten/SlideToolkit/CellProfiler%20upgrade_study/CD34/DAB/summary/AE2608.CD34.1010.X10000.Y4000.normalized.tile.tissue.png,0,AE2608,1010,CD34,0,nan,X10000,Y4000,698.4861111111111,1317.4444444444443,0,167,343
1,168,nan,file:/Users/tpeters4/Library/CloudStorage/OneDrive-UMCUtrecht/Documenten/PhD%20Documents/Projecten/SlideToolkit/CellProfiler%20upgrade_study/CD34/DAB/summary/AE2608.CD34.1010.X10000.Y4000.normalized.tile.tissue.png,0,AE2608,1010,CD34,0,nan,X10000,Y4000,741.5714285714286,1340.0408163265306,0,168,347
1,169,nan,file:/Users/tpeters4/Library/CloudStorage/OneDrive-UMCUtrecht/Documenten/PhD%20Documents/Projecten/SlideToolkit/CellProfiler%20upgrade_study/CD34/DAB/summary/AE2608.CD34.1010.X10000.Y4000.normalized.tile.tissue.png,0,AE2608,1010,CD34,0,nan,X10000,Y4000,810.4878048780488,1345.9512195121952,0,169,350
1,170,nan,file:/Users/tpeters4/Library/CloudStorage/OneDrive-UMCUtrecht/Documenten/PhD%20Documents/Projecten/SlideToolkit/CellProfiler%20upgrade_study/CD34/DAB/summary/AE2608.CD34.1010.X10000.Y4000.normalized.tile.tissue.png,0,AE2608,1010,CD34,0,nan,X10000,Y4000,677.55,1348.65,0,170,351
1,171,nan,file:/Users/tpeters4/Library/CloudStorage/OneDrive-UMCUtrecht/Documenten/PhD%20Documents/Projecten/SlideToolkit/CellProfiler%20upgrade_study/CD34/DAB/summary/AE2608.CD34.1010.X10000.Y4000.normalized.tile.tissue.png,0,AE2608,1010,CD34,0,nan,X10000,Y4000,555.6571428571428,1387.7714285714285,0,171,357
1,172,nan,file:/Users/tpeters4/Library/CloudStorage/OneDrive-UMCUtrecht/Documenten/PhD%20Documents/Projecten/SlideToolkit/CellProfiler%20upgrade_study/CD34/DAB/summary/AE2608.CD34.1010.X10000.Y4000.normalized.tile.tissue.png,0,AE2608,1010,CD34,0,nan,X10000,Y4000,716.0240963855422,1399.0,0,172,359
1,173,nan,file:/Users/tpeters4/Library/CloudStorage/OneDrive-UMCUtrecht/Documenten/PhD%20Documents/Projecten/SlideToolkit/CellProfiler%20upgrade_study/CD34/DAB/summary/AE2608.CD34.1010.X10000.Y4000.normalized.tile.tissue.png,0,AE2608,1010,CD34,0,nan,X10000,Y4000,669.8275862068965,1404.5172413793102,0,173,361
1,174,nan,file:/Users/tpeters4/Library/CloudStorage/OneDrive-UMCUtrecht/Documenten/PhD%20Documents/Projecten/SlideToolkit/CellProfiler%20upgrade_study/CD34/DAB/summary/AE2608.CD34.1010.X10000.Y4000.normalized.tile.tissue.png,0,AE2608,1010,CD34,0,nan,X10000,Y4000,738.9514563106796,1406.8252427184466,0,174,362
1,175,nan,file:/Users/tpeters4/Library/CloudStorage/OneDrive-UMCUtrecht/Documenten/PhD%20Documents/Projecten/SlideToolkit/CellProfiler%20upgrade_study/CD34/DAB/summary/AE2608.CD34.1010.X10000.Y4000.normalized.tile.tissue.png,0,AE2608,1010,CD34,0,nan,X10000,Y4000,761.2658227848101,1410.2784810126582,0,175,363
1,176,nan,file:/Users/tpeters4/Library/CloudStorage/OneDrive-UMCUtrecht/Documenten/PhD%20Documents/Projecten/SlideToolkit/CellProfiler%20upgrade_study/CD34/DAB/summary/AE2608.CD34.1010.X10000.Y4000.normalized.tile.tissue.png,0,AE2608,1010,CD34,0,nan,X10000,Y4000,736.0348837209302,1425.906976744186,0,176,364
1,177,nan,file:/Users/tpeters4/Library/CloudStorage/OneDrive-UMCUtrecht/Documenten/PhD%20Documents/Projecten/SlideToolkit/CellProfiler%20upgrade_study/CD34/DAB/summary/AE2608.CD34.1010.X10000.Y4000.normalized.tile.tissue.png,0,AE2608,1010,CD34,0,nan,X10000,Y4000,680.7671232876712,1441.1780821917807,0,177,367
1,178,nan,file:/Users/tpeters4/Library/CloudStorage/OneDrive-UMCUtrecht/Documenten/PhD%20Documents/Projecten/SlideToolkit/CellProfiler%20upgrade_study/CD34/DAB/summary/AE2608.CD34.1010.X10000.Y4000.normalized.tile.tissue.png,0,AE2608,1010,CD34,0,nan,X10000,Y4000,817.0208333333334,1439.4791666666667,0,178,368
1,179,nan,file:/Users/tpeters4/Library/CloudStorage/OneDrive-UMCUtrecht/Documenten/PhD%20Documents/Projecten/SlideToolkit/CellProfiler%20upgrade_study/CD34/DAB/summary/AE2608.CD34.1010.X10000.Y4000.normalized.tile.tissue.png,0,AE2608,1010,CD34,0,nan,X10000,Y4000,727.6279069767442,1477.9302325581396,0,179,373
1,180,nan,file:/Users/tpeters4/Library/CloudStorage/OneDrive-UMCUtrecht/Documenten/PhD%20Documents/Projecten/SlideToolkit/CellProfiler%20upgrade_study/CD34/DAB/summary/AE2608.CD34.1010.X10000.Y4000.normalized.tile.tissue.png,0,AE2608,1010,CD34,0,nan,X10000,Y4000,674.6493506493506,1568.3246753246754,0,180,379
1,181,nan,file:/Users/tpeters4/Library/CloudStorage/OneDrive-UMCUtrecht/Documenten/PhD%20Documents/Projecten/SlideToolkit/CellProfiler%20upgrade_study/CD34/DAB/summary/AE2608.CD34.1010.X10000.Y4000.normalized.tile.tissue.png,0,AE2608,1010,CD34,0,nan,X10000,Y4000,675.5217391304348,1714.840579710145,0,181,402
