ImageNumber,ObjectNumber,Metadata_Date,Metadata_FileLocation,Metadata_Frame,Metadata_NR,Metadata_STAIN,Metadata_Series,Metadata_T_NUMBER,Metadata_Xcoord,Metadata_Ycoord,Location_Center_X,Location_Center_Y,Location_Center_Z,Number_Object_Number
1,1,nan,file:/Users/tpeters4/Desktop/CellProfiler%20upgrade_study/CD34/DAB/summary/AE2608.CD34.1010.X10000.Y4000.normalized.tile.tissue.png,0,nan,nan,0,nan,nan,nan,1209.0,17.553571428571427,0,1
1,2,nan,file:/Users/tpeters4/Desktop/CellProfiler%20upgrade_study/CD34/DAB/summary/AE2608.CD34.1010.X10000.Y4000.normalized.tile.tissue.png,0,nan,nan,0,nan,nan,nan,1192.2549019607843,25.92156862745098,0,2
1,3,nan,file:/Users/tpeters4/Desktop/CellProfiler%20upgrade_study/CD34/DAB/summary/AE2608.CD34.1010.X10000.Y4000.normalized.tile.tissue.png,0,nan,nan,0,nan,nan,nan,1246.361111111111,30.541666666666668,0,3
1,4,nan,file:/Users/tpeters4/Desktop/CellProfiler%20upgrade_study/CD34/DAB/summary/AE2608.CD34.1010.X10000.Y4000.normalized.tile.tissue.png,0,nan,nan,0,nan,nan,nan,1176.7,45.416666666666664,0,4
1,5,nan,file:/Users/tpeters4/Desktop/CellProfiler%20upgrade_study/CD34/DAB/summary/AE2608.CD34.1010.X10000.Y4000.normalized.tile.tissue.png,0,nan,nan,0,nan,nan,nan,1139.5573770491803,46.114754098360656,0,5
1,6,nan,file:/Users/tpeters4/Desktop/CellProfiler%20upgrade_study/CD34/DAB/summary/AE2608.CD34.1010.X10000.Y4000.normalized.tile.tissue.png,0,nan,nan,0,nan,nan,nan,1260.0093457943926,87.08878504672897,0,6
1,7,nan,file:/Users/tpeters4/Desktop/CellProfiler%20upgrade_study/CD34/DAB/summary/AE2608.CD34.1010.X10000.Y4000.normalized.tile.tissue.png,0,nan,nan,0,nan,nan,nan,1265.09,101.05,0,7
1,8,nan,file:/Users/tpeters4/Desktop/CellProfiler%20upgrade_study/CD34/DAB/summary/AE2608.CD34.1010.X10000.Y4000.normalized.tile.tissue.png,0,nan,nan,0,nan,nan,nan,1117.4117647058824,133.38235294117646,0,8
1,9,nan,file:/Users/tpeters4/Desktop/CellProfiler%20upgrade_study/CD34/DAB/summary/AE2608.CD34.1010.X10000.Y4000.normalized.tile.tissue.png,0,nan,nan,0,nan,nan,nan,1122.6708860759493,166.0632911392405,0,9
1,10,nan,file:/Users/tpeters4/Desktop/CellProfiler%20upgrade_study/CD34/DAB/summary/AE2608.CD34.1010.X10000.Y4000.normalized.tile.tissue.png,0,nan,nan,0,nan,nan,nan,1094.864406779661,182.91525423728814,0,10
1,11,nan,file:/Users/tpeters4/Desktop/CellProfiler%20upgrade_study/CD34/DAB/summary/AE2608.CD34.1010.X10000.Y4000.normalized.tile.tissue.png,0,nan,nan,0,nan,nan,nan,1076.5644768856448,209.57664233576642,0,11
1,12,nan,file:/Users/tpeters4/Desktop/CellProfiler%20upgrade_study/CD34/DAB/summary/AE2608.CD34.1010.X10000.Y4000.normalized.tile.tissue.png,0,nan,nan,0,nan,nan,nan,1139.5714285714287,212.36904761904762,0,12
1,13,nan,file:/Users/tpeters4/Desktop/CellProfiler%20upgrade_study/CD34/DAB/summary/AE2608.CD34.1010.X10000.Y4000.normalized.tile.tissue.png,0,nan,nan,0,nan,nan,nan,1116.4004065040651,215.22967479674796,0,13
1,14,nan,file:/Users/tpeters4/Desktop/CellProfiler%20upgrade_study/CD34/DAB/summary/AE2608.CD34.1010.X10000.Y4000.normalized.tile.tissue.png,0,nan,nan,0,nan,nan,nan,1076.4718309859154,225.20422535211267,0,14
1,15,nan,file:/Users/tpeters4/Desktop/CellProfiler%20upgrade_study/CD34/DAB/summary/AE2608.CD34.1010.X10000.Y4000.normalized.tile.tissue.png,0,nan,nan,0,nan,nan,nan,1044.454918032787,225.68852459016392,0,15
1,16,nan,file:/Users/tpeters4/Desktop/CellProfiler%20upgrade_study/CD34/DAB/summary/AE2608.CD34.1010.X10000.Y4000.normalized.tile.tissue.png,0,nan,nan,0,nan,nan,nan,1092.9117647058824,236.4607843137255,0,16
1,17,nan,file:/Users/tpeters4/Desktop/CellProfiler%20upgrade_study/CD34/DAB/summary/AE2608.CD34.1010.X10000.Y4000.normalized.tile.tissue.png,0,nan,nan,0,nan,nan,nan,1126.5086206896551,256.9022988505747,0,17
1,18,nan,file:/Users/tpeters4/Desktop/CellProfiler%20upgrade_study/CD34/DAB/summary/AE2608.CD34.1010.X10000.Y4000.normalized.tile.tissue.png,0,nan,nan,0,nan,nan,nan,992.0759493670886,271.0506329113924,0,18
1,19,nan,file:/Users/tpeters4/Desktop/CellProfiler%20upgrade_study/CD34/DAB/summary/AE2608.CD34.1010.X10000.Y4000.normalized.tile.tissue.png,0,nan,nan,0,nan,nan,nan,1041.8613138686133,267.7007299270073,0,19
1,20,nan,file:/Users/tpeters4/Desktop/CellProfiler%20upgrade_study/CD34/DAB/summary/AE2608.CD34.1010.X10000.Y4000.normalized.tile.tissue.png,0,nan,nan,0,nan,nan,nan,1016.3291139240506,274.8987341772152,0,20
1,21,nan,file:/Users/tpeters4/Desktop/CellProfiler%20upgrade_study/CD34/DAB/summary/AE2608.CD34.1010.X10000.Y4000.normalized.tile.tissue.png,0,nan,nan,0,nan,nan,nan,1035.3709677419354,282.61290322580646,0,21
1,22,nan,file:/Users/tpeters4/Desktop/CellProfiler%20upgrade_study/CD34/DAB/summary/AE2608.CD34.1010.X10000.Y4000.normalized.tile.tissue.png,0,nan,nan,0,nan,nan,nan,1124.621212121212,278.9848484848485,0,22
1,23,nan,file:/Users/tpeters4/Desktop/CellProfiler%20upgrade_study/CD34/DAB/summary/AE2608.CD34.1010.X10000.Y4000.normalized.tile.tissue.png,0,nan,nan,0,nan,nan,nan,1113.6825396825398,289.41269841269843,0,23
1,24,nan,file:/Users/tpeters4/Desktop/CellProfiler%20upgrade_study/CD34/DAB/summary/AE2608.CD34.1010.X10000.Y4000.normalized.tile.tissue.png,0,nan,nan,0,nan,nan,nan,1037.0105263157895,309.5157894736842,0,24
1,25,nan,file:/Users/tpeters4/Desktop/CellProfiler%20upgrade_study/CD34/DAB/summary/AE2608.CD34.1010.X10000.Y4000.normalized.tile.tissue.png,0,nan,nan,0,nan,nan,nan,1085.907894736842,313.5,0,25
1,26,nan,file:/Users/tpeters4/Desktop/CellProfiler%20upgrade_study/CD34/DAB/summary/AE2608.CD34.1010.X10000.Y4000.normalized.tile.tissue.png,0,nan,nan,0,nan,nan,nan,975.3894927536232,313.0235507246377,0,26
1,27,nan,file:/Users/tpeters4/Desktop/CellProfiler%20upgrade_study/CD34/DAB/summary/AE2608.CD34.1010.X10000.Y4000.normalized.tile.tissue.png,0,nan,nan,0,nan,nan,nan,947.6363636363636,336.3939393939394,0,27
1,28,nan,file:/Users/tpeters4/Desktop/CellProfiler%20upgrade_study/CD34/DAB/summary/AE2608.CD34.1010.X10000.Y4000.normalized.tile.tissue.png,0,nan,nan,0,nan,nan,nan,893.2121212121212,416.469696969697,0,28
1,29,nan,file:/Users/tpeters4/Desktop/CellProfiler%20upgrade_study/CD34/DAB/summary/AE2608.CD34.1010.X10000.Y4000.normalized.tile.tissue.png,0,nan,nan,0,nan,nan,nan,1016.5076923076923,414.9076923076923,0,29
1,30,nan,file:/Users/tpeters4/Desktop/CellProfiler%20upgrade_study/CD34/DAB/summary/AE2608.CD34.1010.X10000.Y4000.normalized.tile.tissue.png,0,nan,nan,0,nan,nan,nan,1122.3333333333333,415.3076923076923,0,30
1,31,nan,file:/Users/tpeters4/Desktop/CellProfiler%20upgrade_study/CD34/DAB/summary/AE2608.CD34.1010.X10000.Y4000.normalized.tile.tissue.png,0,nan,nan,0,nan,nan,nan,1134.7941176470588,418.27941176470586,0,31
1,32,nan,file:/Users/tpeters4/Desktop/CellProfiler%20upgrade_study/CD34/DAB/summary/AE2608.CD34.1010.X10000.Y4000.normalized.tile.tissue.png,0,nan,nan,0,nan,nan,nan,861.7868852459017,440.9672131147541,0,32
1,33,nan,file:/Users/tpeters4/Desktop/CellProfiler%20upgrade_study/CD34/DAB/summary/AE2608.CD34.1010.X10000.Y4000.normalized.tile.tissue.png,0,nan,nan,0,nan,nan,nan,849.8888888888889,450.52525252525254,0,33
1,34,nan,file:/Users/tpeters4/Desktop/CellProfiler%20upgrade_study/CD34/DAB/summary/AE2608.CD34.1010.X10000.Y4000.normalized.tile.tissue.png,0,nan,nan,0,nan,nan,nan,1248.111111111111,455.55555555555554,0,34
1,35,nan,file:/Users/tpeters4/Desktop/CellProfiler%20upgrade_study/CD34/DAB/summary/AE2608.CD34.1010.X10000.Y4000.normalized.tile.tissue.png,0,nan,nan,0,nan,nan,nan,1255.137254901961,458.6470588235294,0,35
1,36,nan,file:/Users/tpeters4/Desktop/CellProfiler%20upgrade_study/CD34/DAB/summary/AE2608.CD34.1010.X10000.Y4000.normalized.tile.tissue.png,0,nan,nan,0,nan,nan,nan,862.3787878787879,478.3030303030303,0,36
1,37,nan,file:/Users/tpeters4/Desktop/CellProfiler%20upgrade_study/CD34/DAB/summary/AE2608.CD34.1010.X10000.Y4000.normalized.tile.tissue.png,0,nan,nan,0,nan,nan,nan,1316.8433734939758,481.48192771084337,0,37
1,38,nan,file:/Users/tpeters4/Desktop/CellProfiler%20upgrade_study/CD34/DAB/summary/AE2608.CD34.1010.X10000.Y4000.normalized.tile.tissue.png,0,nan,nan,0,nan,nan,nan,1029.2325581395348,486.51162790697674,0,38
1,39,nan,file:/Users/tpeters4/Desktop/CellProfiler%20upgrade_study/CD34/DAB/summary/AE2608.CD34.1010.X10000.Y4000.normalized.tile.tissue.png,0,nan,nan,0,nan,nan,nan,1237.6129032258063,490.741935483871,0,39
1,40,nan,file:/Users/tpeters4/Desktop/CellProfiler%20upgrade_study/CD34/DAB/summary/AE2608.CD34.1010.X10000.Y4000.normalized.tile.tissue.png,0,nan,nan,0,nan,nan,nan,1219.6964285714287,496.7857142857143,0,40
1,41,nan,file:/Users/tpeters4/Desktop/CellProfiler%20upgrade_study/CD34/DAB/summary/AE2608.CD34.1010.X10000.Y4000.normalized.tile.tissue.png,0,nan,nan,0,nan,nan,nan,839.8121546961326,522.2707182320441,0,41
1,42,nan,file:/Users/tpeters4/Desktop/CellProfiler%20upgrade_study/CD34/DAB/summary/AE2608.CD34.1010.X10000.Y4000.normalized.tile.tissue.png,0,nan,nan,0,nan,nan,nan,828.9629629629629,537.6157407407408,0,42
1,43,nan,file:/Users/tpeters4/Desktop/CellProfiler%20upgrade_study/CD34/DAB/summary/AE2608.CD34.1010.X10000.Y4000.normalized.tile.tissue.png,0,nan,nan,0,nan,nan,nan,856.4594594594595,532.3648648648649,0,43
1,44,nan,file:/Users/tpeters4/Desktop/CellProfiler%20upgrade_study/CD34/DAB/summary/AE2608.CD34.1010.X10000.Y4000.normalized.tile.tissue.png,0,nan,nan,0,nan,nan,nan,813.7701863354038,539.9068322981367,0,44
1,45,nan,file:/Users/tpeters4/Desktop/CellProfiler%20upgrade_study/CD34/DAB/summary/AE2608.CD34.1010.X10000.Y4000.normalized.tile.tissue.png,0,nan,nan,0,nan,nan,nan,792.1896551724138,549.2413793103449,0,45
1,46,nan,file:/Users/tpeters4/Desktop/CellProfiler%20upgrade_study/CD34/DAB/summary/AE2608.CD34.1010.X10000.Y4000.normalized.tile.tissue.png,0,nan,nan,0,nan,nan,nan,781.0975609756098,558.8048780487804,0,46
1,47,nan,file:/Users/tpeters4/Desktop/CellProfiler%20upgrade_study/CD34/DAB/summary/AE2608.CD34.1010.X10000.Y4000.normalized.tile.tissue.png,0,nan,nan,0,nan,nan,nan,824.3804347826087,563.3695652173913,0,47
1,48,nan,file:/Users/tpeters4/Desktop/CellProfiler%20upgrade_study/CD34/DAB/summary/AE2608.CD34.1010.X10000.Y4000.normalized.tile.tissue.png,0,nan,nan,0,nan,nan,nan,1282.4915254237287,563.4237288135594,0,48
1,49,nan,file:/Users/tpeters4/Desktop/CellProfiler%20upgrade_study/CD34/DAB/summary/AE2608.CD34.1010.X10000.Y4000.normalized.tile.tissue.png,0,nan,nan,0,nan,nan,nan,836.5568181818181,584.1022727272727,0,49
1,50,nan,file:/Users/tpeters4/Desktop/CellProfiler%20upgrade_study/CD34/DAB/summary/AE2608.CD34.1010.X10000.Y4000.normalized.tile.tissue.png,0,nan,nan,0,nan,nan,nan,871.0188679245283,579.0754716981132,0,50
1,51,nan,file:/Users/tpeters4/Desktop/CellProfiler%20upgrade_study/CD34/DAB/summary/AE2608.CD34.1010.X10000.Y4000.normalized.tile.tissue.png,0,nan,nan,0,nan,nan,nan,857.6101694915254,583.0338983050848,0,51
1,52,nan,file:/Users/tpeters4/Desktop/CellProfiler%20upgrade_study/CD34/DAB/summary/AE2608.CD34.1010.X10000.Y4000.normalized.tile.tissue.png,0,nan,nan,0,nan,nan,nan,864.0947368421052,589.2,0,52
1,53,nan,file:/Users/tpeters4/Desktop/CellProfiler%20upgrade_study/CD34/DAB/summary/AE2608.CD34.1010.X10000.Y4000.normalized.tile.tissue.png,0,nan,nan,0,nan,nan,nan,1053.1016949152543,596.7796610169491,0,53
1,54,nan,file:/Users/tpeters4/Desktop/CellProfiler%20upgrade_study/CD34/DAB/summary/AE2608.CD34.1010.X10000.Y4000.normalized.tile.tissue.png,0,nan,nan,0,nan,nan,nan,818.4461538461538,599.2461538461539,0,54
1,55,nan,file:/Users/tpeters4/Desktop/CellProfiler%20upgrade_study/CD34/DAB/summary/AE2608.CD34.1010.X10000.Y4000.normalized.tile.tissue.png,0,nan,nan,0,nan,nan,nan,838.2086956521739,603.2739130434783,0,55
1,56,nan,file:/Users/tpeters4/Desktop/CellProfiler%20upgrade_study/CD34/DAB/summary/AE2608.CD34.1010.X10000.Y4000.normalized.tile.tissue.png,0,nan,nan,0,nan,nan,nan,1092.8214285714287,601.625,0,56
1,57,nan,file:/Users/tpeters4/Desktop/CellProfiler%20upgrade_study/CD34/DAB/summary/AE2608.CD34.1010.X10000.Y4000.normalized.tile.tissue.png,0,nan,nan,0,nan,nan,nan,803.4505494505495,609.1098901098901,0,57
1,58,nan,file:/Users/tpeters4/Desktop/CellProfiler%20upgrade_study/CD34/DAB/summary/AE2608.CD34.1010.X10000.Y4000.normalized.tile.tissue.png,0,nan,nan,0,nan,nan,nan,772.2222222222222,614.6825396825396,0,58
1,59,nan,file:/Users/tpeters4/Desktop/CellProfiler%20upgrade_study/CD34/DAB/summary/AE2608.CD34.1010.X10000.Y4000.normalized.tile.tissue.png,0,nan,nan,0,nan,nan,nan,853.1891891891892,634.7567567567568,0,59
1,60,nan,file:/Users/tpeters4/Desktop/CellProfiler%20upgrade_study/CD34/DAB/summary/AE2608.CD34.1010.X10000.Y4000.normalized.tile.tissue.png,0,nan,nan,0,nan,nan,nan,746.2794117647059,638.5147058823529,0,60
1,61,nan,file:/Users/tpeters4/Desktop/CellProfiler%20upgrade_study/CD34/DAB/summary/AE2608.CD34.1010.X10000.Y4000.normalized.tile.tissue.png,0,nan,nan,0,nan,nan,nan,834.8727272727273,642.9090909090909,0,61
1,62,nan,file:/Users/tpeters4/Desktop/CellProfiler%20upgrade_study/CD34/DAB/summary/AE2608.CD34.1010.X10000.Y4000.normalized.tile.tissue.png,0,nan,nan,0,nan,nan,nan,888.0714285714286,640.75,0,62
1,63,nan,file:/Users/tpeters4/Desktop/CellProfiler%20upgrade_study/CD34/DAB/summary/AE2608.CD34.1010.X10000.Y4000.normalized.tile.tissue.png,0,nan,nan,0,nan,nan,nan,1230.90625,665.9479166666666,0,63
1,64,nan,file:/Users/tpeters4/Desktop/CellProfiler%20upgrade_study/CD34/DAB/summary/AE2608.CD34.1010.X10000.Y4000.normalized.tile.tissue.png,0,nan,nan,0,nan,nan,nan,723.3033707865169,668.9662921348314,0,64
1,65,nan,file:/Users/tpeters4/Desktop/CellProfiler%20upgrade_study/CD34/DAB/summary/AE2608.CD34.1010.X10000.Y4000.normalized.tile.tissue.png,0,nan,nan,0,nan,nan,nan,795.3752310536045,668.9889094269871,0,65
1,66,nan,file:/Users/tpeters4/Desktop/CellProfiler%20upgrade_study/CD34/DAB/summary/AE2608.CD34.1010.X10000.Y4000.normalized.tile.tissue.png,0,nan,nan,0,nan,nan,nan,737.5922330097087,711.6504854368932,0,66
1,67,nan,file:/Users/tpeters4/Desktop/CellProfiler%20upgrade_study/CD34/DAB/summary/AE2608.CD34.1010.X10000.Y4000.normalized.tile.tissue.png,0,nan,nan,0,nan,nan,nan,692.9289617486339,708.9508196721312,0,67
1,68,nan,file:/Users/tpeters4/Desktop/CellProfiler%20upgrade_study/CD34/DAB/summary/AE2608.CD34.1010.X10000.Y4000.normalized.tile.tissue.png,0,nan,nan,0,nan,nan,nan,1052.2054794520548,711.4931506849315,0,68
1,69,nan,file:/Users/tpeters4/Desktop/CellProfiler%20upgrade_study/CD34/DAB/summary/AE2608.CD34.1010.X10000.Y4000.normalized.tile.tissue.png,0,nan,nan,0,nan,nan,nan,1036.0739130434783,718.6608695652174,0,69
1,70,nan,file:/Users/tpeters4/Desktop/CellProfiler%20upgrade_study/CD34/DAB/summary/AE2608.CD34.1010.X10000.Y4000.normalized.tile.tissue.png,0,nan,nan,0,nan,nan,nan,843.5188284518829,711.4225941422594,0,70
1,71,nan,file:/Users/tpeters4/Desktop/CellProfiler%20upgrade_study/CD34/DAB/summary/AE2608.CD34.1010.X10000.Y4000.normalized.tile.tissue.png,0,nan,nan,0,nan,nan,nan,711.2179487179487,720.3589743589744,0,71
1,72,nan,file:/Users/tpeters4/Desktop/CellProfiler%20upgrade_study/CD34/DAB/summary/AE2608.CD34.1010.X10000.Y4000.normalized.tile.tissue.png,0,nan,nan,0,nan,nan,nan,731.3362831858407,725.0088495575221,0,72
1,73,nan,file:/Users/tpeters4/Desktop/CellProfiler%20upgrade_study/CD34/DAB/summary/AE2608.CD34.1010.X10000.Y4000.normalized.tile.tissue.png,0,nan,nan,0,nan,nan,nan,841.1789883268483,728.5642023346303,0,73
1,74,nan,file:/Users/tpeters4/Desktop/CellProfiler%20upgrade_study/CD34/DAB/summary/AE2608.CD34.1010.X10000.Y4000.normalized.tile.tissue.png,0,nan,nan,0,nan,nan,nan,868.9363636363636,734.5545454545454,0,74
1,75,nan,file:/Users/tpeters4/Desktop/CellProfiler%20upgrade_study/CD34/DAB/summary/AE2608.CD34.1010.X10000.Y4000.normalized.tile.tissue.png,0,nan,nan,0,nan,nan,nan,759.2459016393443,737.3196721311475,0,75
1,76,nan,file:/Users/tpeters4/Desktop/CellProfiler%20upgrade_study/CD34/DAB/summary/AE2608.CD34.1010.X10000.Y4000.normalized.tile.tissue.png,0,nan,nan,0,nan,nan,nan,717.55,733.74,0,76
1,77,nan,file:/Users/tpeters4/Desktop/CellProfiler%20upgrade_study/CD34/DAB/summary/AE2608.CD34.1010.X10000.Y4000.normalized.tile.tissue.png,0,nan,nan,0,nan,nan,nan,777.7372881355932,736.9830508474577,0,77
1,78,nan,file:/Users/tpeters4/Desktop/CellProfiler%20upgrade_study/CD34/DAB/summary/AE2608.CD34.1010.X10000.Y4000.normalized.tile.tissue.png,0,nan,nan,0,nan,nan,nan,796.05,735.8,0,78
1,79,nan,file:/Users/tpeters4/Desktop/CellProfiler%20upgrade_study/CD34/DAB/summary/AE2608.CD34.1010.X10000.Y4000.normalized.tile.tissue.png,0,nan,nan,0,nan,nan,nan,811.0247933884298,736.6859504132232,0,79
1,80,nan,file:/Users/tpeters4/Desktop/CellProfiler%20upgrade_study/CD34/DAB/summary/AE2608.CD34.1010.X10000.Y4000.normalized.tile.tissue.png,0,nan,nan,0,nan,nan,nan,1203.4464285714287,738.8928571428571,0,80
1,81,nan,file:/Users/tpeters4/Desktop/CellProfiler%20upgrade_study/CD34/DAB/summary/AE2608.CD34.1010.X10000.Y4000.normalized.tile.tissue.png,0,nan,nan,0,nan,nan,nan,1062.9038461538462,743.5192307692307,0,81
1,82,nan,file:/Users/tpeters4/Desktop/CellProfiler%20upgrade_study/CD34/DAB/summary/AE2608.CD34.1010.X10000.Y4000.normalized.tile.tissue.png,0,nan,nan,0,nan,nan,nan,861.7111111111111,747.5444444444445,0,82
1,83,nan,file:/Users/tpeters4/Desktop/CellProfiler%20upgrade_study/CD34/DAB/summary/AE2608.CD34.1010.X10000.Y4000.normalized.tile.tissue.png,0,nan,nan,0,nan,nan,nan,1122.73417721519,751.5696202531645,0,83
1,84,nan,file:/Users/tpeters4/Desktop/CellProfiler%20upgrade_study/CD34/DAB/summary/AE2608.CD34.1010.X10000.Y4000.normalized.tile.tissue.png,0,nan,nan,0,nan,nan,nan,828.8354430379746,746.8924050632911,0,84
1,85,nan,file:/Users/tpeters4/Desktop/CellProfiler%20upgrade_study/CD34/DAB/summary/AE2608.CD34.1010.X10000.Y4000.normalized.tile.tissue.png,0,nan,nan,0,nan,nan,nan,1165.8983050847457,749.3728813559322,0,85
1,86,nan,file:/Users/tpeters4/Desktop/CellProfiler%20upgrade_study/CD34/DAB/summary/AE2608.CD34.1010.X10000.Y4000.normalized.tile.tissue.png,0,nan,nan,0,nan,nan,nan,830.9772727272727,759.2272727272727,0,86
1,87,nan,file:/Users/tpeters4/Desktop/CellProfiler%20upgrade_study/CD34/DAB/summary/AE2608.CD34.1010.X10000.Y4000.normalized.tile.tissue.png,0,nan,nan,0,nan,nan,nan,806.3342465753425,761.917808219178,0,87
1,88,nan,file:/Users/tpeters4/Desktop/CellProfiler%20upgrade_study/CD34/DAB/summary/AE2608.CD34.1010.X10000.Y4000.normalized.tile.tissue.png,0,nan,nan,0,nan,nan,nan,768.1756756756756,767.3648648648649,0,88
1,89,nan,file:/Users/tpeters4/Desktop/CellProfiler%20upgrade_study/CD34/DAB/summary/AE2608.CD34.1010.X10000.Y4000.normalized.tile.tissue.png,0,nan,nan,0,nan,nan,nan,840.0333333333333,766.35,0,89
1,90,nan,file:/Users/tpeters4/Desktop/CellProfiler%20upgrade_study/CD34/DAB/summary/AE2608.CD34.1010.X10000.Y4000.normalized.tile.tissue.png,0,nan,nan,0,nan,nan,nan,1288.4328358208954,767.955223880597,0,90
1,91,nan,file:/Users/tpeters4/Desktop/CellProfiler%20upgrade_study/CD34/DAB/summary/AE2608.CD34.1010.X10000.Y4000.normalized.tile.tissue.png,0,nan,nan,0,nan,nan,nan,825.7313432835821,770.7014925373135,0,91
1,92,nan,file:/Users/tpeters4/Desktop/CellProfiler%20upgrade_study/CD34/DAB/summary/AE2608.CD34.1010.X10000.Y4000.normalized.tile.tissue.png,0,nan,nan,0,nan,nan,nan,723.6422018348624,780.7339449541284,0,92
1,93,nan,file:/Users/tpeters4/Desktop/CellProfiler%20upgrade_study/CD34/DAB/summary/AE2608.CD34.1010.X10000.Y4000.normalized.tile.tissue.png,0,nan,nan,0,nan,nan,nan,786.0,796.5714285714286,0,93
1,94,nan,file:/Users/tpeters4/Desktop/CellProfiler%20upgrade_study/CD34/DAB/summary/AE2608.CD34.1010.X10000.Y4000.normalized.tile.tissue.png,0,nan,nan,0,nan,nan,nan,1161.3103448275863,799.4827586206897,0,94
1,95,nan,file:/Users/tpeters4/Desktop/CellProfiler%20upgrade_study/CD34/DAB/summary/AE2608.CD34.1010.X10000.Y4000.normalized.tile.tissue.png,0,nan,nan,0,nan,nan,nan,671.8396946564885,803.4809160305343,0,95
1,96,nan,file:/Users/tpeters4/Desktop/CellProfiler%20upgrade_study/CD34/DAB/summary/AE2608.CD34.1010.X10000.Y4000.normalized.tile.tissue.png,0,nan,nan,0,nan,nan,nan,818.3398058252427,805.8155339805825,0,96
1,97,nan,file:/Users/tpeters4/Desktop/CellProfiler%20upgrade_study/CD34/DAB/summary/AE2608.CD34.1010.X10000.Y4000.normalized.tile.tissue.png,0,nan,nan,0,nan,nan,nan,784.297619047619,812.25,0,97
1,98,nan,file:/Users/tpeters4/Desktop/CellProfiler%20upgrade_study/CD34/DAB/summary/AE2608.CD34.1010.X10000.Y4000.normalized.tile.tissue.png,0,nan,nan,0,nan,nan,nan,833.8387096774194,815.983870967742,0,98
1,99,nan,file:/Users/tpeters4/Desktop/CellProfiler%20upgrade_study/CD34/DAB/summary/AE2608.CD34.1010.X10000.Y4000.normalized.tile.tissue.png,0,nan,nan,0,nan,nan,nan,826.5780051150895,830.0383631713555,0,99
1,100,nan,file:/Users/tpeters4/Desktop/CellProfiler%20upgrade_study/CD34/DAB/summary/AE2608.CD34.1010.X10000.Y4000.normalized.tile.tissue.png,0,nan,nan,0,nan,nan,nan,856.6127167630058,830.6820809248555,0,100
1,101,nan,file:/Users/tpeters4/Desktop/CellProfiler%20upgrade_study/CD34/DAB/summary/AE2608.CD34.1010.X10000.Y4000.normalized.tile.tissue.png,0,nan,nan,0,nan,nan,nan,720.7916666666666,830.9345238095239,0,101
1,102,nan,file:/Users/tpeters4/Desktop/CellProfiler%20upgrade_study/CD34/DAB/summary/AE2608.CD34.1010.X10000.Y4000.normalized.tile.tissue.png,0,nan,nan,0,nan,nan,nan,701.8548387096774,829.5806451612904,0,102
1,103,nan,file:/Users/tpeters4/Desktop/CellProfiler%20upgrade_study/CD34/DAB/summary/AE2608.CD34.1010.X10000.Y4000.normalized.tile.tissue.png,0,nan,nan,0,nan,nan,nan,694.5571428571428,835.0,0,103
1,104,nan,file:/Users/tpeters4/Desktop/CellProfiler%20upgrade_study/CD34/DAB/summary/AE2608.CD34.1010.X10000.Y4000.normalized.tile.tissue.png,0,nan,nan,0,nan,nan,nan,893.5454545454545,837.9712918660288,0,104
1,105,nan,file:/Users/tpeters4/Desktop/CellProfiler%20upgrade_study/CD34/DAB/summary/AE2608.CD34.1010.X10000.Y4000.normalized.tile.tissue.png,0,nan,nan,0,nan,nan,nan,812.632911392405,840.6075949367089,0,105
1,106,nan,file:/Users/tpeters4/Desktop/CellProfiler%20upgrade_study/CD34/DAB/summary/AE2608.CD34.1010.X10000.Y4000.normalized.tile.tissue.png,0,nan,nan,0,nan,nan,nan,787.1219512195122,851.90022172949,0,106
1,107,nan,file:/Users/tpeters4/Desktop/CellProfiler%20upgrade_study/CD34/DAB/summary/AE2608.CD34.1010.X10000.Y4000.normalized.tile.tissue.png,0,nan,nan,0,nan,nan,nan,860.1129032258065,851.7741935483871,0,107
1,108,nan,file:/Users/tpeters4/Desktop/CellProfiler%20upgrade_study/CD34/DAB/summary/AE2608.CD34.1010.X10000.Y4000.normalized.tile.tissue.png,0,nan,nan,0,nan,nan,nan,772.0746268656717,860.6940298507462,0,108
1,109,nan,file:/Users/tpeters4/Desktop/CellProfiler%20upgrade_study/CD34/DAB/summary/AE2608.CD34.1010.X10000.Y4000.normalized.tile.tissue.png,0,nan,nan,0,nan,nan,nan,1297.3684210526317,860.6315789473684,0,109
1,110,nan,file:/Users/tpeters4/Desktop/CellProfiler%20upgrade_study/CD34/DAB/summary/AE2608.CD34.1010.X10000.Y4000.normalized.tile.tissue.png,0,nan,nan,0,nan,nan,nan,1319.4385474860335,859.0502793296089,0,110
1,111,nan,file:/Users/tpeters4/Desktop/CellProfiler%20upgrade_study/CD34/DAB/summary/AE2608.CD34.1010.X10000.Y4000.normalized.tile.tissue.png,0,nan,nan,0,nan,nan,nan,816.3410404624277,866.1271676300578,0,111
1,112,nan,file:/Users/tpeters4/Desktop/CellProfiler%20upgrade_study/CD34/DAB/summary/AE2608.CD34.1010.X10000.Y4000.normalized.tile.tissue.png,0,nan,nan,0,nan,nan,nan,831.349593495935,863.0276422764227,0,112
1,113,nan,file:/Users/tpeters4/Desktop/CellProfiler%20upgrade_study/CD34/DAB/summary/AE2608.CD34.1010.X10000.Y4000.normalized.tile.tissue.png,0,nan,nan,0,nan,nan,nan,1288.8620689655172,871.7701149425287,0,113
1,114,nan,file:/Users/tpeters4/Desktop/CellProfiler%20upgrade_study/CD34/DAB/summary/AE2608.CD34.1010.X10000.Y4000.normalized.tile.tissue.png,0,nan,nan,0,nan,nan,nan,745.5798816568048,886.792899408284,0,114
1,115,nan,file:/Users/tpeters4/Desktop/CellProfiler%20upgrade_study/CD34/DAB/summary/AE2608.CD34.1010.X10000.Y4000.normalized.tile.tissue.png,0,nan,nan,0,nan,nan,nan,1285.5,889.0,0,115
1,116,nan,file:/Users/tpeters4/Desktop/CellProfiler%20upgrade_study/CD34/DAB/summary/AE2608.CD34.1010.X10000.Y4000.normalized.tile.tissue.png,0,nan,nan,0,nan,nan,nan,849.9669421487604,900.5495867768595,0,116
1,117,nan,file:/Users/tpeters4/Desktop/CellProfiler%20upgrade_study/CD34/DAB/summary/AE2608.CD34.1010.X10000.Y4000.normalized.tile.tissue.png,0,nan,nan,0,nan,nan,nan,727.6796116504854,893.9514563106796,0,117
1,118,nan,file:/Users/tpeters4/Desktop/CellProfiler%20upgrade_study/CD34/DAB/summary/AE2608.CD34.1010.X10000.Y4000.normalized.tile.tissue.png,0,nan,nan,0,nan,nan,nan,942.6388888888889,901.9166666666666,0,118
1,119,nan,file:/Users/tpeters4/Desktop/CellProfiler%20upgrade_study/CD34/DAB/summary/AE2608.CD34.1010.X10000.Y4000.normalized.tile.tissue.png,0,nan,nan,0,nan,nan,nan,1243.5135135135135,904.7027027027027,0,119
1,120,nan,file:/Users/tpeters4/Desktop/CellProfiler%20upgrade_study/CD34/DAB/summary/AE2608.CD34.1010.X10000.Y4000.normalized.tile.tissue.png,0,nan,nan,0,nan,nan,nan,863.5555555555555,904.074074074074,0,120
1,121,nan,file:/Users/tpeters4/Desktop/CellProfiler%20upgrade_study/CD34/DAB/summary/AE2608.CD34.1010.X10000.Y4000.normalized.tile.tissue.png,0,nan,nan,0,nan,nan,nan,1136.1057692307693,907.9423076923077,0,121
1,122,nan,file:/Users/tpeters4/Desktop/CellProfiler%20upgrade_study/CD34/DAB/summary/AE2608.CD34.1010.X10000.Y4000.normalized.tile.tissue.png,0,nan,nan,0,nan,nan,nan,950.5392156862745,910.7549019607843,0,122
1,123,nan,file:/Users/tpeters4/Desktop/CellProfiler%20upgrade_study/CD34/DAB/summary/AE2608.CD34.1010.X10000.Y4000.normalized.tile.tissue.png,0,nan,nan,0,nan,nan,nan,729.8730158730159,914.031746031746,0,123
1,124,nan,file:/Users/tpeters4/Desktop/CellProfiler%20upgrade_study/CD34/DAB/summary/AE2608.CD34.1010.X10000.Y4000.normalized.tile.tissue.png,0,nan,nan,0,nan,nan,nan,906.5340909090909,914.5113636363636,0,124
1,125,nan,file:/Users/tpeters4/Desktop/CellProfiler%20upgrade_study/CD34/DAB/summary/AE2608.CD34.1010.X10000.Y4000.normalized.tile.tissue.png,0,nan,nan,0,nan,nan,nan,744.1944444444445,927.4166666666666,0,125
1,126,nan,file:/Users/tpeters4/Desktop/CellProfiler%20upgrade_study/CD34/DAB/summary/AE2608.CD34.1010.X10000.Y4000.normalized.tile.tissue.png,0,nan,nan,0,nan,nan,nan,864.6944444444445,929.4305555555555,0,126
1,127,nan,file:/Users/tpeters4/Desktop/CellProfiler%20upgrade_study/CD34/DAB/summary/AE2608.CD34.1010.X10000.Y4000.normalized.tile.tissue.png,0,nan,nan,0,nan,nan,nan,1171.642857142857,927.0,0,127
1,128,nan,file:/Users/tpeters4/Desktop/CellProfiler%20upgrade_study/CD34/DAB/summary/AE2608.CD34.1010.X10000.Y4000.normalized.tile.tissue.png,0,nan,nan,0,nan,nan,nan,819.6811594202899,931.4202898550725,0,128
1,129,nan,file:/Users/tpeters4/Desktop/CellProfiler%20upgrade_study/CD34/DAB/summary/AE2608.CD34.1010.X10000.Y4000.normalized.tile.tissue.png,0,nan,nan,0,nan,nan,nan,749.8173076923077,940.9903846153846,0,129
1,130,nan,file:/Users/tpeters4/Desktop/CellProfiler%20upgrade_study/CD34/DAB/summary/AE2608.CD34.1010.X10000.Y4000.normalized.tile.tissue.png,0,nan,nan,0,nan,nan,nan,1096.0862068965516,944.051724137931,0,130
1,131,nan,file:/Users/tpeters4/Desktop/CellProfiler%20upgrade_study/CD34/DAB/summary/AE2608.CD34.1010.X10000.Y4000.normalized.tile.tissue.png,0,nan,nan,0,nan,nan,nan,865.8679245283018,947.2169811320755,0,131
1,132,nan,file:/Users/tpeters4/Desktop/CellProfiler%20upgrade_study/CD34/DAB/summary/AE2608.CD34.1010.X10000.Y4000.normalized.tile.tissue.png,0,nan,nan,0,nan,nan,nan,814.6122448979592,950.2755102040817,0,132
1,133,nan,file:/Users/tpeters4/Desktop/CellProfiler%20upgrade_study/CD34/DAB/summary/AE2608.CD34.1010.X10000.Y4000.normalized.tile.tissue.png,0,nan,nan,0,nan,nan,nan,1265.3396226415093,949.0754716981132,0,133
1,134,nan,file:/Users/tpeters4/Desktop/CellProfiler%20upgrade_study/CD34/DAB/summary/AE2608.CD34.1010.X10000.Y4000.normalized.tile.tissue.png,0,nan,nan,0,nan,nan,nan,920.3517587939698,950.1005025125628,0,134
1,135,nan,file:/Users/tpeters4/Desktop/CellProfiler%20upgrade_study/CD34/DAB/summary/AE2608.CD34.1010.X10000.Y4000.normalized.tile.tissue.png,0,nan,nan,0,nan,nan,nan,1054.2692307692307,954.0384615384615,0,135
1,136,nan,file:/Users/tpeters4/Desktop/CellProfiler%20upgrade_study/CD34/DAB/summary/AE2608.CD34.1010.X10000.Y4000.normalized.tile.tissue.png,0,nan,nan,0,nan,nan,nan,1255.536842105263,957.4842105263158,0,136
1,137,nan,file:/Users/tpeters4/Desktop/CellProfiler%20upgrade_study/CD34/DAB/summary/AE2608.CD34.1010.X10000.Y4000.normalized.tile.tissue.png,0,nan,nan,0,nan,nan,nan,846.7592592592592,954.2222222222222,0,137
1,138,nan,file:/Users/tpeters4/Desktop/CellProfiler%20upgrade_study/CD34/DAB/summary/AE2608.CD34.1010.X10000.Y4000.normalized.tile.tissue.png,0,nan,nan,0,nan,nan,nan,894.6448598130842,965.1214953271028,0,138
1,139,nan,file:/Users/tpeters4/Desktop/CellProfiler%20upgrade_study/CD34/DAB/summary/AE2608.CD34.1010.X10000.Y4000.normalized.tile.tissue.png,0,nan,nan,0,nan,nan,nan,1125.3333333333333,962.4603174603175,0,139
1,140,nan,file:/Users/tpeters4/Desktop/CellProfiler%20upgrade_study/CD34/DAB/summary/AE2608.CD34.1010.X10000.Y4000.normalized.tile.tissue.png,0,nan,nan,0,nan,nan,nan,961.9530612244898,968.2122448979592,0,140
1,141,nan,file:/Users/tpeters4/Desktop/CellProfiler%20upgrade_study/CD34/DAB/summary/AE2608.CD34.1010.X10000.Y4000.normalized.tile.tissue.png,0,nan,nan,0,nan,nan,nan,1048.2,969.0,0,141
1,142,nan,file:/Users/tpeters4/Desktop/CellProfiler%20upgrade_study/CD34/DAB/summary/AE2608.CD34.1010.X10000.Y4000.normalized.tile.tissue.png,0,nan,nan,0,nan,nan,nan,763.4141414141415,977.020202020202,0,142
1,143,nan,file:/Users/tpeters4/Desktop/CellProfiler%20upgrade_study/CD34/DAB/summary/AE2608.CD34.1010.X10000.Y4000.normalized.tile.tissue.png,0,nan,nan,0,nan,nan,nan,1036.8843537414966,979.8571428571429,0,143
1,144,nan,file:/Users/tpeters4/Desktop/CellProfiler%20upgrade_study/CD34/DAB/summary/AE2608.CD34.1010.X10000.Y4000.normalized.tile.tissue.png,0,nan,nan,0,nan,nan,nan,778.4769230769231,985.2153846153847,0,144
1,145,nan,file:/Users/tpeters4/Desktop/CellProfiler%20upgrade_study/CD34/DAB/summary/AE2608.CD34.1010.X10000.Y4000.normalized.tile.tissue.png,0,nan,nan,0,nan,nan,nan,859.483870967742,981.8387096774194,0,145
1,146,nan,file:/Users/tpeters4/Desktop/CellProfiler%20upgrade_study/CD34/DAB/summary/AE2608.CD34.1010.X10000.Y4000.normalized.tile.tissue.png,0,nan,nan,0,nan,nan,nan,932.69,975.675,0,146
1,147,nan,file:/Users/tpeters4/Desktop/CellProfiler%20upgrade_study/CD34/DAB/summary/AE2608.CD34.1010.X10000.Y4000.normalized.tile.tissue.png,0,nan,nan,0,nan,nan,nan,1026.0166666666667,982.7333333333333,0,147
1,148,nan,file:/Users/tpeters4/Desktop/CellProfiler%20upgrade_study/CD34/DAB/summary/AE2608.CD34.1010.X10000.Y4000.normalized.tile.tissue.png,0,nan,nan,0,nan,nan,nan,957.0105263157894,990.3842105263158,0,148
1,149,nan,file:/Users/tpeters4/Desktop/CellProfiler%20upgrade_study/CD34/DAB/summary/AE2608.CD34.1010.X10000.Y4000.normalized.tile.tissue.png,0,nan,nan,0,nan,nan,nan,783.9261744966443,994.2080536912752,0,149
1,150,nan,file:/Users/tpeters4/Desktop/CellProfiler%20upgrade_study/CD34/DAB/summary/AE2608.CD34.1010.X10000.Y4000.normalized.tile.tissue.png,0,nan,nan,0,nan,nan,nan,918.4492753623189,987.5217391304348,0,150
1,151,nan,file:/Users/tpeters4/Desktop/CellProfiler%20upgrade_study/CD34/DAB/summary/AE2608.CD34.1010.X10000.Y4000.normalized.tile.tissue.png,0,nan,nan,0,nan,nan,nan,767.09375,985.890625,0,151
1,152,nan,file:/Users/tpeters4/Desktop/CellProfiler%20upgrade_study/CD34/DAB/summary/AE2608.CD34.1010.X10000.Y4000.normalized.tile.tissue.png,0,nan,nan,0,nan,nan,nan,1010.4074074074074,992.5555555555555,0,152
1,153,nan,file:/Users/tpeters4/Desktop/CellProfiler%20upgrade_study/CD34/DAB/summary/AE2608.CD34.1010.X10000.Y4000.normalized.tile.tissue.png,0,nan,nan,0,nan,nan,nan,1072.751552795031,990.3416149068323,0,153
1,154,nan,file:/Users/tpeters4/Desktop/CellProfiler%20upgrade_study/CD34/DAB/summary/AE2608.CD34.1010.X10000.Y4000.normalized.tile.tissue.png,0,nan,nan,0,nan,nan,nan,855.0307692307692,994.3692307692307,0,154
1,155,nan,file:/Users/tpeters4/Desktop/CellProfiler%20upgrade_study/CD34/DAB/summary/AE2608.CD34.1010.X10000.Y4000.normalized.tile.tissue.png,0,nan,nan,0,nan,nan,nan,1026.0245398773006,989.5889570552147,0,155
1,156,nan,file:/Users/tpeters4/Desktop/CellProfiler%20upgrade_study/CD34/DAB/summary/AE2608.CD34.1010.X10000.Y4000.normalized.tile.tissue.png,0,nan,nan,0,nan,nan,nan,723.578947368421,1005.2350877192982,0,156
1,157,nan,file:/Users/tpeters4/Desktop/CellProfiler%20upgrade_study/CD34/DAB/summary/AE2608.CD34.1010.X10000.Y4000.normalized.tile.tissue.png,0,nan,nan,0,nan,nan,nan,1079.7704918032787,1007.3770491803278,0,157
1,158,nan,file:/Users/tpeters4/Desktop/CellProfiler%20upgrade_study/CD34/DAB/summary/AE2608.CD34.1010.X10000.Y4000.normalized.tile.tissue.png,0,nan,nan,0,nan,nan,nan,769.7863247863248,1003.3931623931624,0,158
1,159,nan,file:/Users/tpeters4/Desktop/CellProfiler%20upgrade_study/CD34/DAB/summary/AE2608.CD34.1010.X10000.Y4000.normalized.tile.tissue.png,0,nan,nan,0,nan,nan,nan,895.4285714285714,1004.3035714285714,0,159
1,160,nan,file:/Users/tpeters4/Desktop/CellProfiler%20upgrade_study/CD34/DAB/summary/AE2608.CD34.1010.X10000.Y4000.normalized.tile.tissue.png,0,nan,nan,0,nan,nan,nan,1025.2016806722688,1006.7731092436975,0,160
1,161,nan,file:/Users/tpeters4/Desktop/CellProfiler%20upgrade_study/CD34/DAB/summary/AE2608.CD34.1010.X10000.Y4000.normalized.tile.tissue.png,0,nan,nan,0,nan,nan,nan,590.7886178861788,1009.9512195121952,0,161
1,162,nan,file:/Users/tpeters4/Desktop/CellProfiler%20upgrade_study/CD34/DAB/summary/AE2608.CD34.1010.X10000.Y4000.normalized.tile.tissue.png,0,nan,nan,0,nan,nan,nan,1016.768115942029,1026.0434782608695,0,162
1,163,nan,file:/Users/tpeters4/Desktop/CellProfiler%20upgrade_study/CD34/DAB/summary/AE2608.CD34.1010.X10000.Y4000.normalized.tile.tissue.png,0,nan,nan,0,nan,nan,nan,1085.3144876325089,1034.077738515901,0,163
1,164,nan,file:/Users/tpeters4/Desktop/CellProfiler%20upgrade_study/CD34/DAB/summary/AE2608.CD34.1010.X10000.Y4000.normalized.tile.tissue.png,0,nan,nan,0,nan,nan,nan,1074.5757575757575,1044.2323232323233,0,164
1,165,nan,file:/Users/tpeters4/Desktop/CellProfiler%20upgrade_study/CD34/DAB/summary/AE2608.CD34.1010.X10000.Y4000.normalized.tile.tissue.png,0,nan,nan,0,nan,nan,nan,898.8166666666667,1036.5833333333333,0,165
1,166,nan,file:/Users/tpeters4/Desktop/CellProfiler%20upgrade_study/CD34/DAB/summary/AE2608.CD34.1010.X10000.Y4000.normalized.tile.tissue.png,0,nan,nan,0,nan,nan,nan,780.6466876971609,1073.7223974763408,0,166
1,167,nan,file:/Users/tpeters4/Desktop/CellProfiler%20upgrade_study/CD34/DAB/summary/AE2608.CD34.1010.X10000.Y4000.normalized.tile.tissue.png,0,nan,nan,0,nan,nan,nan,898.6029411764706,1056.3088235294117,0,167
1,168,nan,file:/Users/tpeters4/Desktop/CellProfiler%20upgrade_study/CD34/DAB/summary/AE2608.CD34.1010.X10000.Y4000.normalized.tile.tissue.png,0,nan,nan,0,nan,nan,nan,1077.0,1066.2727272727273,0,168
1,169,nan,file:/Users/tpeters4/Desktop/CellProfiler%20upgrade_study/CD34/DAB/summary/AE2608.CD34.1010.X10000.Y4000.normalized.tile.tissue.png,0,nan,nan,0,nan,nan,nan,620.3846153846154,1064.123076923077,0,169
1,170,nan,file:/Users/tpeters4/Desktop/CellProfiler%20upgrade_study/CD34/DAB/summary/AE2608.CD34.1010.X10000.Y4000.normalized.tile.tissue.png,0,nan,nan,0,nan,nan,nan,1015.2051282051282,1066.7350427350427,0,170
1,171,nan,file:/Users/tpeters4/Desktop/CellProfiler%20upgrade_study/CD34/DAB/summary/AE2608.CD34.1010.X10000.Y4000.normalized.tile.tissue.png,0,nan,nan,0,nan,nan,nan,1167.3529411764705,1067.1764705882354,0,171
1,172,nan,file:/Users/tpeters4/Desktop/CellProfiler%20upgrade_study/CD34/DAB/summary/AE2608.CD34.1010.X10000.Y4000.normalized.tile.tissue.png,0,nan,nan,0,nan,nan,nan,604.7333333333333,1076.7166666666667,0,172
1,173,nan,file:/Users/tpeters4/Desktop/CellProfiler%20upgrade_study/CD34/DAB/summary/AE2608.CD34.1010.X10000.Y4000.normalized.tile.tissue.png,0,nan,nan,0,nan,nan,nan,555.144578313253,1073.813253012048,0,173
1,174,nan,file:/Users/tpeters4/Desktop/CellProfiler%20upgrade_study/CD34/DAB/summary/AE2608.CD34.1010.X10000.Y4000.normalized.tile.tissue.png,0,nan,nan,0,nan,nan,nan,562.9920634920635,1082.9603174603174,0,174
1,175,nan,file:/Users/tpeters4/Desktop/CellProfiler%20upgrade_study/CD34/DAB/summary/AE2608.CD34.1010.X10000.Y4000.normalized.tile.tissue.png,0,nan,nan,0,nan,nan,nan,665.2571428571429,1083.2714285714285,0,175
1,176,nan,file:/Users/tpeters4/Desktop/CellProfiler%20upgrade_study/CD34/DAB/summary/AE2608.CD34.1010.X10000.Y4000.normalized.tile.tissue.png,0,nan,nan,0,nan,nan,nan,597.5083333333333,1095.1083333333333,0,176
1,177,nan,file:/Users/tpeters4/Desktop/CellProfiler%20upgrade_study/CD34/DAB/summary/AE2608.CD34.1010.X10000.Y4000.normalized.tile.tissue.png,0,nan,nan,0,nan,nan,nan,658.360655737705,1103.377049180328,0,177
1,178,nan,file:/Users/tpeters4/Desktop/CellProfiler%20upgrade_study/CD34/DAB/summary/AE2608.CD34.1010.X10000.Y4000.normalized.tile.tissue.png,0,nan,nan,0,nan,nan,nan,734.0746268656717,1103.2238805970148,0,178
1,179,nan,file:/Users/tpeters4/Desktop/CellProfiler%20upgrade_study/CD34/DAB/summary/AE2608.CD34.1010.X10000.Y4000.normalized.tile.tissue.png,0,nan,nan,0,nan,nan,nan,710.2923076923076,1106.8307692307692,0,179
1,180,nan,file:/Users/tpeters4/Desktop/CellProfiler%20upgrade_study/CD34/DAB/summary/AE2608.CD34.1010.X10000.Y4000.normalized.tile.tissue.png,0,nan,nan,0,nan,nan,nan,1001.5777777777778,1111.9333333333334,0,180
1,181,nan,file:/Users/tpeters4/Desktop/CellProfiler%20upgrade_study/CD34/DAB/summary/AE2608.CD34.1010.X10000.Y4000.normalized.tile.tissue.png,0,nan,nan,0,nan,nan,nan,669.0923076923077,1113.7076923076922,0,181
1,182,nan,file:/Users/tpeters4/Desktop/CellProfiler%20upgrade_study/CD34/DAB/summary/AE2608.CD34.1010.X10000.Y4000.normalized.tile.tissue.png,0,nan,nan,0,nan,nan,nan,826.936,1111.648,0,182
1,183,nan,file:/Users/tpeters4/Desktop/CellProfiler%20upgrade_study/CD34/DAB/summary/AE2608.CD34.1010.X10000.Y4000.normalized.tile.tissue.png,0,nan,nan,0,nan,nan,nan,1059.8566666666666,1106.32,0,183
1,184,nan,file:/Users/tpeters4/Desktop/CellProfiler%20upgrade_study/CD34/DAB/summary/AE2608.CD34.1010.X10000.Y4000.normalized.tile.tissue.png,0,nan,nan,0,nan,nan,nan,628.3050847457627,1113.6271186440679,0,184
1,185,nan,file:/Users/tpeters4/Desktop/CellProfiler%20upgrade_study/CD34/DAB/summary/AE2608.CD34.1010.X10000.Y4000.normalized.tile.tissue.png,0,nan,nan,0,nan,nan,nan,804.7842105263157,1132.6666666666667,0,185
1,186,nan,file:/Users/tpeters4/Desktop/CellProfiler%20upgrade_study/CD34/DAB/summary/AE2608.CD34.1010.X10000.Y4000.normalized.tile.tissue.png,0,nan,nan,0,nan,nan,nan,713.88,1125.2933333333333,0,186
1,187,nan,file:/Users/tpeters4/Desktop/CellProfiler%20upgrade_study/CD34/DAB/summary/AE2608.CD34.1010.X10000.Y4000.normalized.tile.tissue.png,0,nan,nan,0,nan,nan,nan,1058.4021164021165,1127.2275132275133,0,187
1,188,nan,file:/Users/tpeters4/Desktop/CellProfiler%20upgrade_study/CD34/DAB/summary/AE2608.CD34.1010.X10000.Y4000.normalized.tile.tissue.png,0,nan,nan,0,nan,nan,nan,577.9867549668874,1123.4437086092714,0,188
1,189,nan,file:/Users/tpeters4/Desktop/CellProfiler%20upgrade_study/CD34/DAB/summary/AE2608.CD34.1010.X10000.Y4000.normalized.tile.tissue.png,0,nan,nan,0,nan,nan,nan,676.6056338028169,1127.6338028169014,0,189
1,190,nan,file:/Users/tpeters4/Desktop/CellProfiler%20upgrade_study/CD34/DAB/summary/AE2608.CD34.1010.X10000.Y4000.normalized.tile.tissue.png,0,nan,nan,0,nan,nan,nan,903.7751479289941,1136.9585798816568,0,190
1,191,nan,file:/Users/tpeters4/Desktop/CellProfiler%20upgrade_study/CD34/DAB/summary/AE2608.CD34.1010.X10000.Y4000.normalized.tile.tissue.png,0,nan,nan,0,nan,nan,nan,701.948905109489,1148.1897810218977,0,191
1,192,nan,file:/Users/tpeters4/Desktop/CellProfiler%20upgrade_study/CD34/DAB/summary/AE2608.CD34.1010.X10000.Y4000.normalized.tile.tissue.png,0,nan,nan,0,nan,nan,nan,655.698224852071,1149.491124260355,0,192
1,193,nan,file:/Users/tpeters4/Desktop/CellProfiler%20upgrade_study/CD34/DAB/summary/AE2608.CD34.1010.X10000.Y4000.normalized.tile.tissue.png,0,nan,nan,0,nan,nan,nan,541.8214285714286,1154.169642857143,0,193
1,194,nan,file:/Users/tpeters4/Desktop/CellProfiler%20upgrade_study/CD34/DAB/summary/AE2608.CD34.1010.X10000.Y4000.normalized.tile.tissue.png,0,nan,nan,0,nan,nan,nan,568.5,1154.4855072463768,0,194
1,195,nan,file:/Users/tpeters4/Desktop/CellProfiler%20upgrade_study/CD34/DAB/summary/AE2608.CD34.1010.X10000.Y4000.normalized.tile.tissue.png,0,nan,nan,0,nan,nan,nan,833.7241379310345,1156.948275862069,0,195
1,196,nan,file:/Users/tpeters4/Desktop/CellProfiler%20upgrade_study/CD34/DAB/summary/AE2608.CD34.1010.X10000.Y4000.normalized.tile.tissue.png,0,nan,nan,0,nan,nan,nan,624.9017857142857,1154.767857142857,0,196
1,197,nan,file:/Users/tpeters4/Desktop/CellProfiler%20upgrade_study/CD34/DAB/summary/AE2608.CD34.1010.X10000.Y4000.normalized.tile.tissue.png,0,nan,nan,0,nan,nan,nan,719.24,1149.4457142857143,0,197
1,198,nan,file:/Users/tpeters4/Desktop/CellProfiler%20upgrade_study/CD34/DAB/summary/AE2608.CD34.1010.X10000.Y4000.normalized.tile.tissue.png,0,nan,nan,0,nan,nan,nan,684.3389830508474,1160.822033898305,0,198
1,199,nan,file:/Users/tpeters4/Desktop/CellProfiler%20upgrade_study/CD34/DAB/summary/AE2608.CD34.1010.X10000.Y4000.normalized.tile.tissue.png,0,nan,nan,0,nan,nan,nan,825.479674796748,1162.2520325203252,0,199
1,200,nan,file:/Users/tpeters4/Desktop/CellProfiler%20upgrade_study/CD34/DAB/summary/AE2608.CD34.1010.X10000.Y4000.normalized.tile.tissue.png,0,nan,nan,0,nan,nan,nan,707.0149253731344,1170.5597014925372,0,200
1,201,nan,file:/Users/tpeters4/Desktop/CellProfiler%20upgrade_study/CD34/DAB/summary/AE2608.CD34.1010.X10000.Y4000.normalized.tile.tissue.png,0,nan,nan,0,nan,nan,nan,549.5816326530612,1173.2602040816328,0,201
1,202,nan,file:/Users/tpeters4/Desktop/CellProfiler%20upgrade_study/CD34/DAB/summary/AE2608.CD34.1010.X10000.Y4000.normalized.tile.tissue.png,0,nan,nan,0,nan,nan,nan,773.328125,1167.609375,0,202
1,203,nan,file:/Users/tpeters4/Desktop/CellProfiler%20upgrade_study/CD34/DAB/summary/AE2608.CD34.1010.X10000.Y4000.normalized.tile.tissue.png,0,nan,nan,0,nan,nan,nan,799.9607843137255,1176.6666666666667,0,203
1,204,nan,file:/Users/tpeters4/Desktop/CellProfiler%20upgrade_study/CD34/DAB/summary/AE2608.CD34.1010.X10000.Y4000.normalized.tile.tissue.png,0,nan,nan,0,nan,nan,nan,777.8653846153846,1187.1538461538462,0,204
1,205,nan,file:/Users/tpeters4/Desktop/CellProfiler%20upgrade_study/CD34/DAB/summary/AE2608.CD34.1010.X10000.Y4000.normalized.tile.tissue.png,0,nan,nan,0,nan,nan,nan,833.9196428571429,1194.9375,0,205
1,206,nan,file:/Users/tpeters4/Desktop/CellProfiler%20upgrade_study/CD34/DAB/summary/AE2608.CD34.1010.X10000.Y4000.normalized.tile.tissue.png,0,nan,nan,0,nan,nan,nan,1072.4761904761904,1203.4920634920634,0,206
1,207,nan,file:/Users/tpeters4/Desktop/CellProfiler%20upgrade_study/CD34/DAB/summary/AE2608.CD34.1010.X10000.Y4000.normalized.tile.tissue.png,0,nan,nan,0,nan,nan,nan,665.4375,1212.078125,0,207
1,208,nan,file:/Users/tpeters4/Desktop/CellProfiler%20upgrade_study/CD34/DAB/summary/AE2608.CD34.1010.X10000.Y4000.normalized.tile.tissue.png,0,nan,nan,0,nan,nan,nan,1035.7241379310344,1224.3103448275863,0,208
1,209,nan,file:/Users/tpeters4/Desktop/CellProfiler%20upgrade_study/CD34/DAB/summary/AE2608.CD34.1010.X10000.Y4000.normalized.tile.tissue.png,0,nan,nan,0,nan,nan,nan,703.1860465116279,1230.4767441860465,0,209
1,210,nan,file:/Users/tpeters4/Desktop/CellProfiler%20upgrade_study/CD34/DAB/summary/AE2608.CD34.1010.X10000.Y4000.normalized.tile.tissue.png,0,nan,nan,0,nan,nan,nan,841.7669902912621,1233.1941747572816,0,210
1,211,nan,file:/Users/tpeters4/Desktop/CellProfiler%20upgrade_study/CD34/DAB/summary/AE2608.CD34.1010.X10000.Y4000.normalized.tile.tissue.png,0,nan,nan,0,nan,nan,nan,828.3934426229508,1241.4426229508197,0,211
1,212,nan,file:/Users/tpeters4/Desktop/CellProfiler%20upgrade_study/CD34/DAB/summary/AE2608.CD34.1010.X10000.Y4000.normalized.tile.tissue.png,0,nan,nan,0,nan,nan,nan,690.7093023255813,1249.7441860465117,0,212
1,213,nan,file:/Users/tpeters4/Desktop/CellProfiler%20upgrade_study/CD34/DAB/summary/AE2608.CD34.1010.X10000.Y4000.normalized.tile.tissue.png,0,nan,nan,0,nan,nan,nan,1023.0618556701031,1241.0721649484535,0,213
1,214,nan,file:/Users/tpeters4/Desktop/CellProfiler%20upgrade_study/CD34/DAB/summary/AE2608.CD34.1010.X10000.Y4000.normalized.tile.tissue.png,0,nan,nan,0,nan,nan,nan,819.6428571428571,1253.0204081632653,0,214
1,215,nan,file:/Users/tpeters4/Desktop/CellProfiler%20upgrade_study/CD34/DAB/summary/AE2608.CD34.1010.X10000.Y4000.normalized.tile.tissue.png,0,nan,nan,0,nan,nan,nan,963.6140350877193,1255.561403508772,0,215
1,216,nan,file:/Users/tpeters4/Desktop/CellProfiler%20upgrade_study/CD34/DAB/summary/AE2608.CD34.1010.X10000.Y4000.normalized.tile.tissue.png,0,nan,nan,0,nan,nan,nan,940.2848101265823,1287.391500904159,0,216
1,217,nan,file:/Users/tpeters4/Desktop/CellProfiler%20upgrade_study/CD34/DAB/summary/AE2608.CD34.1010.X10000.Y4000.normalized.tile.tissue.png,0,nan,nan,0,nan,nan,nan,1008.6101694915254,1261.322033898305,0,217
1,218,nan,file:/Users/tpeters4/Desktop/CellProfiler%20upgrade_study/CD34/DAB/summary/AE2608.CD34.1010.X10000.Y4000.normalized.tile.tissue.png,0,nan,nan,0,nan,nan,nan,998.0921501706484,1264.566552901024,0,218
1,219,nan,file:/Users/tpeters4/Desktop/CellProfiler%20upgrade_study/CD34/DAB/summary/AE2608.CD34.1010.X10000.Y4000.normalized.tile.tissue.png,0,nan,nan,0,nan,nan,nan,599.8169642857143,1288.1473214285713,0,219
1,220,nan,file:/Users/tpeters4/Desktop/CellProfiler%20upgrade_study/CD34/DAB/summary/AE2608.CD34.1010.X10000.Y4000.normalized.tile.tissue.png,0,nan,nan,0,nan,nan,nan,653.4736842105264,1275.3684210526317,0,220
1,221,nan,file:/Users/tpeters4/Desktop/CellProfiler%20upgrade_study/CD34/DAB/summary/AE2608.CD34.1010.X10000.Y4000.normalized.tile.tissue.png,0,nan,nan,0,nan,nan,nan,781.0795454545455,1274.875,0,221
1,222,nan,file:/Users/tpeters4/Desktop/CellProfiler%20upgrade_study/CD34/DAB/summary/AE2608.CD34.1010.X10000.Y4000.normalized.tile.tissue.png,0,nan,nan,0,nan,nan,nan,991.775,1281.925,0,222
1,223,nan,file:/Users/tpeters4/Desktop/CellProfiler%20upgrade_study/CD34/DAB/summary/AE2608.CD34.1010.X10000.Y4000.normalized.tile.tissue.png,0,nan,nan,0,nan,nan,nan,785.8947368421053,1286.5157894736842,0,223
1,224,nan,file:/Users/tpeters4/Desktop/CellProfiler%20upgrade_study/CD34/DAB/summary/AE2608.CD34.1010.X10000.Y4000.normalized.tile.tissue.png,0,nan,nan,0,nan,nan,nan,700.6929824561404,1290.0701754385964,0,224
1,225,nan,file:/Users/tpeters4/Desktop/CellProfiler%20upgrade_study/CD34/DAB/summary/AE2608.CD34.1010.X10000.Y4000.normalized.tile.tissue.png,0,nan,nan,0,nan,nan,nan,860.1896551724138,1289.9310344827586,0,225
1,226,nan,file:/Users/tpeters4/Desktop/CellProfiler%20upgrade_study/CD34/DAB/summary/AE2608.CD34.1010.X10000.Y4000.normalized.tile.tissue.png,0,nan,nan,0,nan,nan,nan,910.2444444444444,1301.525925925926,0,226
1,227,nan,file:/Users/tpeters4/Desktop/CellProfiler%20upgrade_study/CD34/DAB/summary/AE2608.CD34.1010.X10000.Y4000.normalized.tile.tissue.png,0,nan,nan,0,nan,nan,nan,861.0746268656717,1301.5671641791046,0,227
1,228,nan,file:/Users/tpeters4/Desktop/CellProfiler%20upgrade_study/CD34/DAB/summary/AE2608.CD34.1010.X10000.Y4000.normalized.tile.tissue.png,0,nan,nan,0,nan,nan,nan,959.156862745098,1313.9607843137255,0,228
1,229,nan,file:/Users/tpeters4/Desktop/CellProfiler%20upgrade_study/CD34/DAB/summary/AE2608.CD34.1010.X10000.Y4000.normalized.tile.tissue.png,0,nan,nan,0,nan,nan,nan,830.8021978021978,1318.2747252747254,0,229
1,230,nan,file:/Users/tpeters4/Desktop/CellProfiler%20upgrade_study/CD34/DAB/summary/AE2608.CD34.1010.X10000.Y4000.normalized.tile.tissue.png,0,nan,nan,0,nan,nan,nan,861.3576158940398,1315.7417218543046,0,230
1,231,nan,file:/Users/tpeters4/Desktop/CellProfiler%20upgrade_study/CD34/DAB/summary/AE2608.CD34.1010.X10000.Y4000.normalized.tile.tissue.png,0,nan,nan,0,nan,nan,nan,601.2222222222222,1315.2307692307693,0,231
1,232,nan,file:/Users/tpeters4/Desktop/CellProfiler%20upgrade_study/CD34/DAB/summary/AE2608.CD34.1010.X10000.Y4000.normalized.tile.tissue.png,0,nan,nan,0,nan,nan,nan,636.5802469135803,1327.1851851851852,0,232
1,233,nan,file:/Users/tpeters4/Desktop/CellProfiler%20upgrade_study/CD34/DAB/summary/AE2608.CD34.1010.X10000.Y4000.normalized.tile.tissue.png,0,nan,nan,0,nan,nan,nan,600.8785046728972,1329.0841121495328,0,233
1,234,nan,file:/Users/tpeters4/Desktop/CellProfiler%20upgrade_study/CD34/DAB/summary/AE2608.CD34.1010.X10000.Y4000.normalized.tile.tissue.png,0,nan,nan,0,nan,nan,nan,812.2704402515724,1333.1132075471698,0,234
1,235,nan,file:/Users/tpeters4/Desktop/CellProfiler%20upgrade_study/CD34/DAB/summary/AE2608.CD34.1010.X10000.Y4000.normalized.tile.tissue.png,0,nan,nan,0,nan,nan,nan,775.1779661016949,1340.6186440677966,0,235
1,236,nan,file:/Users/tpeters4/Desktop/CellProfiler%20upgrade_study/CD34/DAB/summary/AE2608.CD34.1010.X10000.Y4000.normalized.tile.tissue.png,0,nan,nan,0,nan,nan,nan,676.2142857142857,1342.6285714285714,0,236
1,237,nan,file:/Users/tpeters4/Desktop/CellProfiler%20upgrade_study/CD34/DAB/summary/AE2608.CD34.1010.X10000.Y4000.normalized.tile.tissue.png,0,nan,nan,0,nan,nan,nan,637.1543287327478,1356.1932245922208,0,237
1,238,nan,file:/Users/tpeters4/Desktop/CellProfiler%20upgrade_study/CD34/DAB/summary/AE2608.CD34.1010.X10000.Y4000.normalized.tile.tissue.png,0,nan,nan,0,nan,nan,nan,886.17,1362.86,0,238
1,239,nan,file:/Users/tpeters4/Desktop/CellProfiler%20upgrade_study/CD34/DAB/summary/AE2608.CD34.1010.X10000.Y4000.normalized.tile.tissue.png,0,nan,nan,0,nan,nan,nan,664.9642857142857,1360.1666666666667,0,239
1,240,nan,file:/Users/tpeters4/Desktop/CellProfiler%20upgrade_study/CD34/DAB/summary/AE2608.CD34.1010.X10000.Y4000.normalized.tile.tissue.png,0,nan,nan,0,nan,nan,nan,545.7978723404256,1388.3297872340424,0,240
1,241,nan,file:/Users/tpeters4/Desktop/CellProfiler%20upgrade_study/CD34/DAB/summary/AE2608.CD34.1010.X10000.Y4000.normalized.tile.tissue.png,0,nan,nan,0,nan,nan,nan,861.9620853080569,1389.1184834123223,0,241
1,242,nan,file:/Users/tpeters4/Desktop/CellProfiler%20upgrade_study/CD34/DAB/summary/AE2608.CD34.1010.X10000.Y4000.normalized.tile.tissue.png,0,nan,nan,0,nan,nan,nan,738.6521739130435,1396.5869565217392,0,242
1,243,nan,file:/Users/tpeters4/Desktop/CellProfiler%20upgrade_study/CD34/DAB/summary/AE2608.CD34.1010.X10000.Y4000.normalized.tile.tissue.png,0,nan,nan,0,nan,nan,nan,752.7083333333334,1395.7916666666667,0,243
1,244,nan,file:/Users/tpeters4/Desktop/CellProfiler%20upgrade_study/CD34/DAB/summary/AE2608.CD34.1010.X10000.Y4000.normalized.tile.tissue.png,0,nan,nan,0,nan,nan,nan,699.2622950819672,1400.5901639344263,0,244
1,245,nan,file:/Users/tpeters4/Desktop/CellProfiler%20upgrade_study/CD34/DAB/summary/AE2608.CD34.1010.X10000.Y4000.normalized.tile.tissue.png,0,nan,nan,0,nan,nan,nan,651.0046296296297,1399.3425925925926,0,245
1,246,nan,file:/Users/tpeters4/Desktop/CellProfiler%20upgrade_study/CD34/DAB/summary/AE2608.CD34.1010.X10000.Y4000.normalized.tile.tissue.png,0,nan,nan,0,nan,nan,nan,769.264367816092,1409.528735632184,0,246
1,247,nan,file:/Users/tpeters4/Desktop/CellProfiler%20upgrade_study/CD34/DAB/summary/AE2608.CD34.1010.X10000.Y4000.normalized.tile.tissue.png,0,nan,nan,0,nan,nan,nan,631.3333333333334,1416.2368421052631,0,247
1,248,nan,file:/Users/tpeters4/Desktop/CellProfiler%20upgrade_study/CD34/DAB/summary/AE2608.CD34.1010.X10000.Y4000.normalized.tile.tissue.png,0,nan,nan,0,nan,nan,nan,744.2708333333334,1431.85625,0,248
1,249,nan,file:/Users/tpeters4/Desktop/CellProfiler%20upgrade_study/CD34/DAB/summary/AE2608.CD34.1010.X10000.Y4000.normalized.tile.tissue.png,0,nan,nan,0,nan,nan,nan,614.1615384615385,1425.0076923076922,0,249
1,250,nan,file:/Users/tpeters4/Desktop/CellProfiler%20upgrade_study/CD34/DAB/summary/AE2608.CD34.1010.X10000.Y4000.normalized.tile.tissue.png,0,nan,nan,0,nan,nan,nan,598.3013245033112,1437.7880794701987,0,250
1,251,nan,file:/Users/tpeters4/Desktop/CellProfiler%20upgrade_study/CD34/DAB/summary/AE2608.CD34.1010.X10000.Y4000.normalized.tile.tissue.png,0,nan,nan,0,nan,nan,nan,673.2905982905983,1441.5470085470085,0,251
1,252,nan,file:/Users/tpeters4/Desktop/CellProfiler%20upgrade_study/CD34/DAB/summary/AE2608.CD34.1010.X10000.Y4000.normalized.tile.tissue.png,0,nan,nan,0,nan,nan,nan,764.5555555555555,1444.3333333333333,0,252
1,253,nan,file:/Users/tpeters4/Desktop/CellProfiler%20upgrade_study/CD34/DAB/summary/AE2608.CD34.1010.X10000.Y4000.normalized.tile.tissue.png,0,nan,nan,0,nan,nan,nan,563.0645161290323,1453.5483870967741,0,253
1,254,nan,file:/Users/tpeters4/Desktop/CellProfiler%20upgrade_study/CD34/DAB/summary/AE2608.CD34.1010.X10000.Y4000.normalized.tile.tissue.png,0,nan,nan,0,nan,nan,nan,764.8644067796611,1454.7118644067796,0,254
1,255,nan,file:/Users/tpeters4/Desktop/CellProfiler%20upgrade_study/CD34/DAB/summary/AE2608.CD34.1010.X10000.Y4000.normalized.tile.tissue.png,0,nan,nan,0,nan,nan,nan,587.5566037735849,1487.3490566037735,0,255
1,256,nan,file:/Users/tpeters4/Desktop/CellProfiler%20upgrade_study/CD34/DAB/summary/AE2608.CD34.1010.X10000.Y4000.normalized.tile.tissue.png,0,nan,nan,0,nan,nan,nan,613.2549019607843,1507.8235294117646,0,256
1,257,nan,file:/Users/tpeters4/Desktop/CellProfiler%20upgrade_study/CD34/DAB/summary/AE2608.CD34.1010.X10000.Y4000.normalized.tile.tissue.png,0,nan,nan,0,nan,nan,nan,715.6417910447761,1512.9850746268658,0,257
1,258,nan,file:/Users/tpeters4/Desktop/CellProfiler%20upgrade_study/CD34/DAB/summary/AE2608.CD34.1010.X10000.Y4000.normalized.tile.tissue.png,0,nan,nan,0,nan,nan,nan,657.1302325581395,1542.7488372093023,0,258
1,259,nan,file:/Users/tpeters4/Desktop/CellProfiler%20upgrade_study/CD34/DAB/summary/AE2608.CD34.1010.X10000.Y4000.normalized.tile.tissue.png,0,nan,nan,0,nan,nan,nan,618.3529411764706,1547.3921568627452,0,259
