ImageNumber,ObjectNumber,Metadata_Date,Metadata_FileLocation,Metadata_Frame,Metadata_NR,Metadata_R_NUMBER,Metadata_STAIN,Metadata_Series,Metadata_T_NUMBER,Metadata_Xcoord,Metadata_Ycoord,Location_Center_X,Location_Center_Y,Location_Center_Z,Number_Object_Number,Parent_HE_Nuclei
1,1,nan,file:/Users/tpeters4/Library/CloudStorage/OneDrive-UMCUtrecht/Documenten/PhD%20Documents/Projecten/SlideToolkit/Cellprofiler/CD34%20LRP%20pipeline%20-%20done/test/AE5.T02-6890.CD34.X4000.Y4000.normalized.tile.tissue.png,0,AE5,nan,CD34,0,T02-6890,X4000,Y4000,1465.264705882353,477.70588235294116,0,1,39
1,2,nan,file:/Users/tpeters4/Library/CloudStorage/OneDrive-UMCUtrecht/Documenten/PhD%20Documents/Projecten/SlideToolkit/Cellprofiler/CD34%20LRP%20pipeline%20-%20done/test/AE5.T02-6890.CD34.X4000.Y4000.normalized.tile.tissue.png,0,AE5,nan,CD34,0,T02-6890,X4000,Y4000,1530.4871794871794,508.0769230769231,0,2,45
1,3,nan,file:/Users/tpeters4/Library/CloudStorage/OneDrive-UMCUtrecht/Documenten/PhD%20Documents/Projecten/SlideToolkit/Cellprofiler/CD34%20LRP%20pipeline%20-%20done/test/AE5.T02-6890.CD34.X4000.Y4000.normalized.tile.tissue.png,0,AE5,nan,CD34,0,T02-6890,X4000,Y4000,1442.1891891891892,538.2432432432432,0,3,47
1,4,nan,file:/Users/tpeters4/Library/CloudStorage/OneDrive-UMCUtrecht/Documenten/PhD%20Documents/Projecten/SlideToolkit/Cellprofiler/CD34%20LRP%20pipeline%20-%20done/test/AE5.T02-6890.CD34.X4000.Y4000.normalized.tile.tissue.png,0,AE5,nan,CD34,0,T02-6890,X4000,Y4000,1466.375,562.46875,0,4,52
1,5,nan,file:/Users/tpeters4/Library/CloudStorage/OneDrive-UMCUtrecht/Documenten/PhD%20Documents/Projecten/SlideToolkit/Cellprofiler/CD34%20LRP%20pipeline%20-%20done/test/AE5.T02-6890.CD34.X4000.Y4000.normalized.tile.tissue.png,0,AE5,nan,CD34,0,T02-6890,X4000,Y4000,1462.735294117647,586.5294117647059,0,5,55
1,6,nan,file:/Users/tpeters4/Library/CloudStorage/OneDrive-UMCUtrecht/Documenten/PhD%20Documents/Projecten/SlideToolkit/Cellprofiler/CD34%20LRP%20pipeline%20-%20done/test/AE5.T02-6890.CD34.X4000.Y4000.normalized.tile.tissue.png,0,AE5,nan,CD34,0,T02-6890,X4000,Y4000,1365.1,605.825,0,6,58
1,7,nan,file:/Users/tpeters4/Library/CloudStorage/OneDrive-UMCUtrecht/Documenten/PhD%20Documents/Projecten/SlideToolkit/Cellprofiler/CD34%20LRP%20pipeline%20-%20done/test/AE5.T02-6890.CD34.X4000.Y4000.normalized.tile.tissue.png,0,AE5,nan,CD34,0,T02-6890,X4000,Y4000,1453.2413793103449,602.9655172413793,0,7,59
1,8,nan,file:/Users/tpeters4/Library/CloudStorage/OneDrive-UMCUtrecht/Documenten/PhD%20Documents/Projecten/SlideToolkit/Cellprofiler/CD34%20LRP%20pipeline%20-%20done/test/AE5.T02-6890.CD34.X4000.Y4000.normalized.tile.tissue.png,0,AE5,nan,CD34,0,T02-6890,X4000,Y4000,1389.8,614.5,0,8,61
1,9,nan,file:/Users/tpeters4/Library/CloudStorage/OneDrive-UMCUtrecht/Documenten/PhD%20Documents/Projecten/SlideToolkit/Cellprofiler/CD34%20LRP%20pipeline%20-%20done/test/AE5.T02-6890.CD34.X4000.Y4000.normalized.tile.tissue.png,0,AE5,nan,CD34,0,T02-6890,X4000,Y4000,1512.921875,621.359375,0,9,62
1,10,nan,file:/Users/tpeters4/Library/CloudStorage/OneDrive-UMCUtrecht/Documenten/PhD%20Documents/Projecten/SlideToolkit/Cellprofiler/CD34%20LRP%20pipeline%20-%20done/test/AE5.T02-6890.CD34.X4000.Y4000.normalized.tile.tissue.png,0,AE5,nan,CD34,0,T02-6890,X4000,Y4000,1365.0,626.7435897435897,0,10,64
1,11,nan,file:/Users/tpeters4/Library/CloudStorage/OneDrive-UMCUtrecht/Documenten/PhD%20Documents/Projecten/SlideToolkit/Cellprofiler/CD34%20LRP%20pipeline%20-%20done/test/AE5.T02-6890.CD34.X4000.Y4000.normalized.tile.tissue.png,0,AE5,nan,CD34,0,T02-6890,X4000,Y4000,1425.4193548387098,639.258064516129,0,11,67
1,12,nan,file:/Users/tpeters4/Library/CloudStorage/OneDrive-UMCUtrecht/Documenten/PhD%20Documents/Projecten/SlideToolkit/Cellprofiler/CD34%20LRP%20pipeline%20-%20done/test/AE5.T02-6890.CD34.X4000.Y4000.normalized.tile.tissue.png,0,AE5,nan,CD34,0,T02-6890,X4000,Y4000,1380.5151515151515,645.6060606060606,0,12,68
1,13,nan,file:/Users/tpeters4/Library/CloudStorage/OneDrive-UMCUtrecht/Documenten/PhD%20Documents/Projecten/SlideToolkit/Cellprofiler/CD34%20LRP%20pipeline%20-%20done/test/AE5.T02-6890.CD34.X4000.Y4000.normalized.tile.tissue.png,0,AE5,nan,CD34,0,T02-6890,X4000,Y4000,1487.532258064516,650.3064516129032,0,13,70
1,14,nan,file:/Users/tpeters4/Library/CloudStorage/OneDrive-UMCUtrecht/Documenten/PhD%20Documents/Projecten/SlideToolkit/Cellprofiler/CD34%20LRP%20pipeline%20-%20done/test/AE5.T02-6890.CD34.X4000.Y4000.normalized.tile.tissue.png,0,AE5,nan,CD34,0,T02-6890,X4000,Y4000,1393.8,674.125,0,14,73
1,15,nan,file:/Users/tpeters4/Library/CloudStorage/OneDrive-UMCUtrecht/Documenten/PhD%20Documents/Projecten/SlideToolkit/Cellprofiler/CD34%20LRP%20pipeline%20-%20done/test/AE5.T02-6890.CD34.X4000.Y4000.normalized.tile.tissue.png,0,AE5,nan,CD34,0,T02-6890,X4000,Y4000,1425.8064516129032,669.9677419354839,0,15,74
1,16,nan,file:/Users/tpeters4/Library/CloudStorage/OneDrive-UMCUtrecht/Documenten/PhD%20Documents/Projecten/SlideToolkit/Cellprofiler/CD34%20LRP%20pipeline%20-%20done/test/AE5.T02-6890.CD34.X4000.Y4000.normalized.tile.tissue.png,0,AE5,nan,CD34,0,T02-6890,X4000,Y4000,1367.6875,698.25,0,16,80
1,17,nan,file:/Users/tpeters4/Library/CloudStorage/OneDrive-UMCUtrecht/Documenten/PhD%20Documents/Projecten/SlideToolkit/Cellprofiler/CD34%20LRP%20pipeline%20-%20done/test/AE5.T02-6890.CD34.X4000.Y4000.normalized.tile.tissue.png,0,AE5,nan,CD34,0,T02-6890,X4000,Y4000,1446.6451612903227,700.3870967741935,0,17,81
1,18,nan,file:/Users/tpeters4/Library/CloudStorage/OneDrive-UMCUtrecht/Documenten/PhD%20Documents/Projecten/SlideToolkit/Cellprofiler/CD34%20LRP%20pipeline%20-%20done/test/AE5.T02-6890.CD34.X4000.Y4000.normalized.tile.tissue.png,0,AE5,nan,CD34,0,T02-6890,X4000,Y4000,1438.1315789473683,716.921052631579,0,18,85
1,19,nan,file:/Users/tpeters4/Library/CloudStorage/OneDrive-UMCUtrecht/Documenten/PhD%20Documents/Projecten/SlideToolkit/Cellprofiler/CD34%20LRP%20pipeline%20-%20done/test/AE5.T02-6890.CD34.X4000.Y4000.normalized.tile.tissue.png,0,AE5,nan,CD34,0,T02-6890,X4000,Y4000,1375.4222222222222,721.0888888888888,0,19,87
1,20,nan,file:/Users/tpeters4/Library/CloudStorage/OneDrive-UMCUtrecht/Documenten/PhD%20Documents/Projecten/SlideToolkit/Cellprofiler/CD34%20LRP%20pipeline%20-%20done/test/AE5.T02-6890.CD34.X4000.Y4000.normalized.tile.tissue.png,0,AE5,nan,CD34,0,T02-6890,X4000,Y4000,1349.1509433962265,728.1320754716982,0,20,89
1,21,nan,file:/Users/tpeters4/Library/CloudStorage/OneDrive-UMCUtrecht/Documenten/PhD%20Documents/Projecten/SlideToolkit/Cellprofiler/CD34%20LRP%20pipeline%20-%20done/test/AE5.T02-6890.CD34.X4000.Y4000.normalized.tile.tissue.png,0,AE5,nan,CD34,0,T02-6890,X4000,Y4000,1336.1707317073171,865.7560975609756,0,21,108
1,22,nan,file:/Users/tpeters4/Library/CloudStorage/OneDrive-UMCUtrecht/Documenten/PhD%20Documents/Projecten/SlideToolkit/Cellprofiler/CD34%20LRP%20pipeline%20-%20done/test/AE5.T02-6890.CD34.X4000.Y4000.normalized.tile.tissue.png,0,AE5,nan,CD34,0,T02-6890,X4000,Y4000,1412.2857142857142,949.125,0,22,122
1,23,nan,file:/Users/tpeters4/Library/CloudStorage/OneDrive-UMCUtrecht/Documenten/PhD%20Documents/Projecten/SlideToolkit/Cellprofiler/CD34%20LRP%20pipeline%20-%20done/test/AE5.T02-6890.CD34.X4000.Y4000.normalized.tile.tissue.png,0,AE5,nan,CD34,0,T02-6890,X4000,Y4000,1131.469387755102,1000.3877551020408,0,23,127
1,24,nan,file:/Users/tpeters4/Library/CloudStorage/OneDrive-UMCUtrecht/Documenten/PhD%20Documents/Projecten/SlideToolkit/Cellprofiler/CD34%20LRP%20pipeline%20-%20done/test/AE5.T02-6890.CD34.X4000.Y4000.normalized.tile.tissue.png,0,AE5,nan,CD34,0,T02-6890,X4000,Y4000,1430.2790697674418,1112.7674418604652,0,24,139
1,25,nan,file:/Users/tpeters4/Library/CloudStorage/OneDrive-UMCUtrecht/Documenten/PhD%20Documents/Projecten/SlideToolkit/Cellprofiler/CD34%20LRP%20pipeline%20-%20done/test/AE5.T02-6890.CD34.X4000.Y4000.normalized.tile.tissue.png,0,AE5,nan,CD34,0,T02-6890,X4000,Y4000,1392.5833333333333,1158.6666666666667,0,25,145
1,26,nan,file:/Users/tpeters4/Library/CloudStorage/OneDrive-UMCUtrecht/Documenten/PhD%20Documents/Projecten/SlideToolkit/Cellprofiler/CD34%20LRP%20pipeline%20-%20done/test/AE5.T02-6890.CD34.X4000.Y4000.normalized.tile.tissue.png,0,AE5,nan,CD34,0,T02-6890,X4000,Y4000,1453.9268292682927,1194.0975609756097,0,26,151
1,27,nan,file:/Users/tpeters4/Library/CloudStorage/OneDrive-UMCUtrecht/Documenten/PhD%20Documents/Projecten/SlideToolkit/Cellprofiler/CD34%20LRP%20pipeline%20-%20done/test/AE5.T02-6890.CD34.X4000.Y4000.normalized.tile.tissue.png,0,AE5,nan,CD34,0,T02-6890,X4000,Y4000,1519.2608695652175,1214.2717391304348,0,27,155
1,28,nan,file:/Users/tpeters4/Library/CloudStorage/OneDrive-UMCUtrecht/Documenten/PhD%20Documents/Projecten/SlideToolkit/Cellprofiler/CD34%20LRP%20pipeline%20-%20done/test/AE5.T02-6890.CD34.X4000.Y4000.normalized.tile.tissue.png,0,AE5,nan,CD34,0,T02-6890,X4000,Y4000,1127.5675675675675,1211.5945945945946,0,28,157
1,29,nan,file:/Users/tpeters4/Library/CloudStorage/OneDrive-UMCUtrecht/Documenten/PhD%20Documents/Projecten/SlideToolkit/Cellprofiler/CD34%20LRP%20pipeline%20-%20done/test/AE5.T02-6890.CD34.X4000.Y4000.normalized.tile.tissue.png,0,AE5,nan,CD34,0,T02-6890,X4000,Y4000,1539.2222222222222,1223.7555555555555,0,29,159
1,30,nan,file:/Users/tpeters4/Library/CloudStorage/OneDrive-UMCUtrecht/Documenten/PhD%20Documents/Projecten/SlideToolkit/Cellprofiler/CD34%20LRP%20pipeline%20-%20done/test/AE5.T02-6890.CD34.X4000.Y4000.normalized.tile.tissue.png,0,AE5,nan,CD34,0,T02-6890,X4000,Y4000,1110.0277777777778,1225.4444444444443,0,30,161
1,31,nan,file:/Users/tpeters4/Library/CloudStorage/OneDrive-UMCUtrecht/Documenten/PhD%20Documents/Projecten/SlideToolkit/Cellprofiler/CD34%20LRP%20pipeline%20-%20done/test/AE5.T02-6890.CD34.X4000.Y4000.normalized.tile.tissue.png,0,AE5,nan,CD34,0,T02-6890,X4000,Y4000,973.8125,1233.34375,0,31,162
1,32,nan,file:/Users/tpeters4/Library/CloudStorage/OneDrive-UMCUtrecht/Documenten/PhD%20Documents/Projecten/SlideToolkit/Cellprofiler/CD34%20LRP%20pipeline%20-%20done/test/AE5.T02-6890.CD34.X4000.Y4000.normalized.tile.tissue.png,0,AE5,nan,CD34,0,T02-6890,X4000,Y4000,1107.9615384615386,1237.9807692307693,0,32,164
1,33,nan,file:/Users/tpeters4/Library/CloudStorage/OneDrive-UMCUtrecht/Documenten/PhD%20Documents/Projecten/SlideToolkit/Cellprofiler/CD34%20LRP%20pipeline%20-%20done/test/AE5.T02-6890.CD34.X4000.Y4000.normalized.tile.tissue.png,0,AE5,nan,CD34,0,T02-6890,X4000,Y4000,1486.7777777777778,1243.0,0,33,165
1,34,nan,file:/Users/tpeters4/Library/CloudStorage/OneDrive-UMCUtrecht/Documenten/PhD%20Documents/Projecten/SlideToolkit/Cellprofiler/CD34%20LRP%20pipeline%20-%20done/test/AE5.T02-6890.CD34.X4000.Y4000.normalized.tile.tissue.png,0,AE5,nan,CD34,0,T02-6890,X4000,Y4000,1178.8103448275863,1298.5,0,34,172
1,35,nan,file:/Users/tpeters4/Library/CloudStorage/OneDrive-UMCUtrecht/Documenten/PhD%20Documents/Projecten/SlideToolkit/Cellprofiler/CD34%20LRP%20pipeline%20-%20done/test/AE5.T02-6890.CD34.X4000.Y4000.normalized.tile.tissue.png,0,AE5,nan,CD34,0,T02-6890,X4000,Y4000,1671.53125,1305.78125,0,35,174
1,36,nan,file:/Users/tpeters4/Library/CloudStorage/OneDrive-UMCUtrecht/Documenten/PhD%20Documents/Projecten/SlideToolkit/Cellprofiler/CD34%20LRP%20pipeline%20-%20done/test/AE5.T02-6890.CD34.X4000.Y4000.normalized.tile.tissue.png,0,AE5,nan,CD34,0,T02-6890,X4000,Y4000,1636.047619047619,1309.595238095238,0,36,176
1,37,nan,file:/Users/tpeters4/Library/CloudStorage/OneDrive-UMCUtrecht/Documenten/PhD%20Documents/Projecten/SlideToolkit/Cellprofiler/CD34%20LRP%20pipeline%20-%20done/test/AE5.T02-6890.CD34.X4000.Y4000.normalized.tile.tissue.png,0,AE5,nan,CD34,0,T02-6890,X4000,Y4000,1133.983606557377,1332.8524590163934,0,37,181
1,38,nan,file:/Users/tpeters4/Library/CloudStorage/OneDrive-UMCUtrecht/Documenten/PhD%20Documents/Projecten/SlideToolkit/Cellprofiler/CD34%20LRP%20pipeline%20-%20done/test/AE5.T02-6890.CD34.X4000.Y4000.normalized.tile.tissue.png,0,AE5,nan,CD34,0,T02-6890,X4000,Y4000,1685.84,1346.58,0,38,185
1,39,nan,file:/Users/tpeters4/Library/CloudStorage/OneDrive-UMCUtrecht/Documenten/PhD%20Documents/Projecten/SlideToolkit/Cellprofiler/CD34%20LRP%20pipeline%20-%20done/test/AE5.T02-6890.CD34.X4000.Y4000.normalized.tile.tissue.png,0,AE5,nan,CD34,0,T02-6890,X4000,Y4000,629.025,1346.125,0,39,187
1,40,nan,file:/Users/tpeters4/Library/CloudStorage/OneDrive-UMCUtrecht/Documenten/PhD%20Documents/Projecten/SlideToolkit/Cellprofiler/CD34%20LRP%20pipeline%20-%20done/test/AE5.T02-6890.CD34.X4000.Y4000.normalized.tile.tissue.png,0,AE5,nan,CD34,0,T02-6890,X4000,Y4000,1431.8070175438597,1364.3859649122808,0,40,192
1,41,nan,file:/Users/tpeters4/Library/CloudStorage/OneDrive-UMCUtrecht/Documenten/PhD%20Documents/Projecten/SlideToolkit/Cellprofiler/CD34%20LRP%20pipeline%20-%20done/test/AE5.T02-6890.CD34.X4000.Y4000.normalized.tile.tissue.png,0,AE5,nan,CD34,0,T02-6890,X4000,Y4000,1142.2727272727273,1378.530303030303,0,41,194
1,42,nan,file:/Users/tpeters4/Library/CloudStorage/OneDrive-UMCUtrecht/Documenten/PhD%20Documents/Projecten/SlideToolkit/Cellprofiler/CD34%20LRP%20pipeline%20-%20done/test/AE5.T02-6890.CD34.X4000.Y4000.normalized.tile.tissue.png,0,AE5,nan,CD34,0,T02-6890,X4000,Y4000,519.0833333333334,1393.25,0,42,197
1,43,nan,file:/Users/tpeters4/Library/CloudStorage/OneDrive-UMCUtrecht/Documenten/PhD%20Documents/Projecten/SlideToolkit/Cellprofiler/CD34%20LRP%20pipeline%20-%20done/test/AE5.T02-6890.CD34.X4000.Y4000.normalized.tile.tissue.png,0,AE5,nan,CD34,0,T02-6890,X4000,Y4000,1305.6923076923076,1397.8461538461538,0,43,198
1,44,nan,file:/Users/tpeters4/Library/CloudStorage/OneDrive-UMCUtrecht/Documenten/PhD%20Documents/Projecten/SlideToolkit/Cellprofiler/CD34%20LRP%20pipeline%20-%20done/test/AE5.T02-6890.CD34.X4000.Y4000.normalized.tile.tissue.png,0,AE5,nan,CD34,0,T02-6890,X4000,Y4000,1285.764705882353,1401.9411764705883,0,44,200
1,45,nan,file:/Users/tpeters4/Library/CloudStorage/OneDrive-UMCUtrecht/Documenten/PhD%20Documents/Projecten/SlideToolkit/Cellprofiler/CD34%20LRP%20pipeline%20-%20done/test/AE5.T02-6890.CD34.X4000.Y4000.normalized.tile.tissue.png,0,AE5,nan,CD34,0,T02-6890,X4000,Y4000,1611.5526315789473,1411.1315789473683,0,45,205
1,46,nan,file:/Users/tpeters4/Library/CloudStorage/OneDrive-UMCUtrecht/Documenten/PhD%20Documents/Projecten/SlideToolkit/Cellprofiler/CD34%20LRP%20pipeline%20-%20done/test/AE5.T02-6890.CD34.X4000.Y4000.normalized.tile.tissue.png,0,AE5,nan,CD34,0,T02-6890,X4000,Y4000,1681.7530864197531,1442.1851851851852,0,46,210
1,47,nan,file:/Users/tpeters4/Library/CloudStorage/OneDrive-UMCUtrecht/Documenten/PhD%20Documents/Projecten/SlideToolkit/Cellprofiler/CD34%20LRP%20pipeline%20-%20done/test/AE5.T02-6890.CD34.X4000.Y4000.normalized.tile.tissue.png,0,AE5,nan,CD34,0,T02-6890,X4000,Y4000,1311.89010989011,1459.4065934065934,0,47,217
1,48,nan,file:/Users/tpeters4/Library/CloudStorage/OneDrive-UMCUtrecht/Documenten/PhD%20Documents/Projecten/SlideToolkit/Cellprofiler/CD34%20LRP%20pipeline%20-%20done/test/AE5.T02-6890.CD34.X4000.Y4000.normalized.tile.tissue.png,0,AE5,nan,CD34,0,T02-6890,X4000,Y4000,1584.5384615384614,1463.3589743589744,0,48,218
1,49,nan,file:/Users/tpeters4/Library/CloudStorage/OneDrive-UMCUtrecht/Documenten/PhD%20Documents/Projecten/SlideToolkit/Cellprofiler/CD34%20LRP%20pipeline%20-%20done/test/AE5.T02-6890.CD34.X4000.Y4000.normalized.tile.tissue.png,0,AE5,nan,CD34,0,T02-6890,X4000,Y4000,833.7462686567164,1478.2388059701493,0,49,223
1,50,nan,file:/Users/tpeters4/Library/CloudStorage/OneDrive-UMCUtrecht/Documenten/PhD%20Documents/Projecten/SlideToolkit/Cellprofiler/CD34%20LRP%20pipeline%20-%20done/test/AE5.T02-6890.CD34.X4000.Y4000.normalized.tile.tissue.png,0,AE5,nan,CD34,0,T02-6890,X4000,Y4000,1308.5076923076922,1490.4153846153847,0,50,227
1,51,nan,file:/Users/tpeters4/Library/CloudStorage/OneDrive-UMCUtrecht/Documenten/PhD%20Documents/Projecten/SlideToolkit/Cellprofiler/CD34%20LRP%20pipeline%20-%20done/test/AE5.T02-6890.CD34.X4000.Y4000.normalized.tile.tissue.png,0,AE5,nan,CD34,0,T02-6890,X4000,Y4000,527.3777777777777,1493.4333333333334,0,51,228
1,52,nan,file:/Users/tpeters4/Library/CloudStorage/OneDrive-UMCUtrecht/Documenten/PhD%20Documents/Projecten/SlideToolkit/Cellprofiler/CD34%20LRP%20pipeline%20-%20done/test/AE5.T02-6890.CD34.X4000.Y4000.normalized.tile.tissue.png,0,AE5,nan,CD34,0,T02-6890,X4000,Y4000,1287.1515151515152,1497.1818181818182,0,52,229
1,53,nan,file:/Users/tpeters4/Library/CloudStorage/OneDrive-UMCUtrecht/Documenten/PhD%20Documents/Projecten/SlideToolkit/Cellprofiler/CD34%20LRP%20pipeline%20-%20done/test/AE5.T02-6890.CD34.X4000.Y4000.normalized.tile.tissue.png,0,AE5,nan,CD34,0,T02-6890,X4000,Y4000,1416.958904109589,1524.6712328767123,0,53,235
1,54,nan,file:/Users/tpeters4/Library/CloudStorage/OneDrive-UMCUtrecht/Documenten/PhD%20Documents/Projecten/SlideToolkit/Cellprofiler/CD34%20LRP%20pipeline%20-%20done/test/AE5.T02-6890.CD34.X4000.Y4000.normalized.tile.tissue.png,0,AE5,nan,CD34,0,T02-6890,X4000,Y4000,1332.0285714285715,1526.4285714285713,0,54,237
1,55,nan,file:/Users/tpeters4/Library/CloudStorage/OneDrive-UMCUtrecht/Documenten/PhD%20Documents/Projecten/SlideToolkit/Cellprofiler/CD34%20LRP%20pipeline%20-%20done/test/AE5.T02-6890.CD34.X4000.Y4000.normalized.tile.tissue.png,0,AE5,nan,CD34,0,T02-6890,X4000,Y4000,1360.5,1527.0454545454545,0,55,239
1,56,nan,file:/Users/tpeters4/Library/CloudStorage/OneDrive-UMCUtrecht/Documenten/PhD%20Documents/Projecten/SlideToolkit/Cellprofiler/CD34%20LRP%20pipeline%20-%20done/test/AE5.T02-6890.CD34.X4000.Y4000.normalized.tile.tissue.png,0,AE5,nan,CD34,0,T02-6890,X4000,Y4000,1628.2068965517242,1533.896551724138,0,56,241
1,57,nan,file:/Users/tpeters4/Library/CloudStorage/OneDrive-UMCUtrecht/Documenten/PhD%20Documents/Projecten/SlideToolkit/Cellprofiler/CD34%20LRP%20pipeline%20-%20done/test/AE5.T02-6890.CD34.X4000.Y4000.normalized.tile.tissue.png,0,AE5,nan,CD34,0,T02-6890,X4000,Y4000,1374.978494623656,1539.4301075268818,0,57,242
1,58,nan,file:/Users/tpeters4/Library/CloudStorage/OneDrive-UMCUtrecht/Documenten/PhD%20Documents/Projecten/SlideToolkit/Cellprofiler/CD34%20LRP%20pipeline%20-%20done/test/AE5.T02-6890.CD34.X4000.Y4000.normalized.tile.tissue.png,0,AE5,nan,CD34,0,T02-6890,X4000,Y4000,1387.0,1533.8823529411766,0,58,243
1,59,nan,file:/Users/tpeters4/Library/CloudStorage/OneDrive-UMCUtrecht/Documenten/PhD%20Documents/Projecten/SlideToolkit/Cellprofiler/CD34%20LRP%20pipeline%20-%20done/test/AE5.T02-6890.CD34.X4000.Y4000.normalized.tile.tissue.png,0,AE5,nan,CD34,0,T02-6890,X4000,Y4000,1472.5121951219512,1542.3658536585365,0,59,244
1,60,nan,file:/Users/tpeters4/Library/CloudStorage/OneDrive-UMCUtrecht/Documenten/PhD%20Documents/Projecten/SlideToolkit/Cellprofiler/CD34%20LRP%20pipeline%20-%20done/test/AE5.T02-6890.CD34.X4000.Y4000.normalized.tile.tissue.png,0,AE5,nan,CD34,0,T02-6890,X4000,Y4000,1603.0,1557.875,0,60,246
1,61,nan,file:/Users/tpeters4/Library/CloudStorage/OneDrive-UMCUtrecht/Documenten/PhD%20Documents/Projecten/SlideToolkit/Cellprofiler/CD34%20LRP%20pipeline%20-%20done/test/AE5.T02-6890.CD34.X4000.Y4000.normalized.tile.tissue.png,0,AE5,nan,CD34,0,T02-6890,X4000,Y4000,1594.1494252873563,1556.2758620689656,0,61,248
1,62,nan,file:/Users/tpeters4/Library/CloudStorage/OneDrive-UMCUtrecht/Documenten/PhD%20Documents/Projecten/SlideToolkit/Cellprofiler/CD34%20LRP%20pipeline%20-%20done/test/AE5.T02-6890.CD34.X4000.Y4000.normalized.tile.tissue.png,0,AE5,nan,CD34,0,T02-6890,X4000,Y4000,1322.7460317460318,1556.920634920635,0,62,249
1,63,nan,file:/Users/tpeters4/Library/CloudStorage/OneDrive-UMCUtrecht/Documenten/PhD%20Documents/Projecten/SlideToolkit/Cellprofiler/CD34%20LRP%20pipeline%20-%20done/test/AE5.T02-6890.CD34.X4000.Y4000.normalized.tile.tissue.png,0,AE5,nan,CD34,0,T02-6890,X4000,Y4000,1487.5833333333333,1570.111111111111,0,63,251
1,64,nan,file:/Users/tpeters4/Library/CloudStorage/OneDrive-UMCUtrecht/Documenten/PhD%20Documents/Projecten/SlideToolkit/Cellprofiler/CD34%20LRP%20pipeline%20-%20done/test/AE5.T02-6890.CD34.X4000.Y4000.normalized.tile.tissue.png,0,AE5,nan,CD34,0,T02-6890,X4000,Y4000,1530.3,1581.3333333333333,0,64,253
1,65,nan,file:/Users/tpeters4/Library/CloudStorage/OneDrive-UMCUtrecht/Documenten/PhD%20Documents/Projecten/SlideToolkit/Cellprofiler/CD34%20LRP%20pipeline%20-%20done/test/AE5.T02-6890.CD34.X4000.Y4000.normalized.tile.tissue.png,0,AE5,nan,CD34,0,T02-6890,X4000,Y4000,532.2745098039215,1584.6274509803923,0,65,255
1,66,nan,file:/Users/tpeters4/Library/CloudStorage/OneDrive-UMCUtrecht/Documenten/PhD%20Documents/Projecten/SlideToolkit/Cellprofiler/CD34%20LRP%20pipeline%20-%20done/test/AE5.T02-6890.CD34.X4000.Y4000.normalized.tile.tissue.png,0,AE5,nan,CD34,0,T02-6890,X4000,Y4000,1367.5853658536585,1587.1463414634147,0,66,258
1,67,nan,file:/Users/tpeters4/Library/CloudStorage/OneDrive-UMCUtrecht/Documenten/PhD%20Documents/Projecten/SlideToolkit/Cellprofiler/CD34%20LRP%20pipeline%20-%20done/test/AE5.T02-6890.CD34.X4000.Y4000.normalized.tile.tissue.png,0,AE5,nan,CD34,0,T02-6890,X4000,Y4000,816.1304347826087,1588.804347826087,0,67,260
1,68,nan,file:/Users/tpeters4/Library/CloudStorage/OneDrive-UMCUtrecht/Documenten/PhD%20Documents/Projecten/SlideToolkit/Cellprofiler/CD34%20LRP%20pipeline%20-%20done/test/AE5.T02-6890.CD34.X4000.Y4000.normalized.tile.tissue.png,0,AE5,nan,CD34,0,T02-6890,X4000,Y4000,1169.5625,1588.34375,0,68,261
1,69,nan,file:/Users/tpeters4/Library/CloudStorage/OneDrive-UMCUtrecht/Documenten/PhD%20Documents/Projecten/SlideToolkit/Cellprofiler/CD34%20LRP%20pipeline%20-%20done/test/AE5.T02-6890.CD34.X4000.Y4000.normalized.tile.tissue.png,0,AE5,nan,CD34,0,T02-6890,X4000,Y4000,1600.566037735849,1593.4245283018868,0,69,262
1,70,nan,file:/Users/tpeters4/Library/CloudStorage/OneDrive-UMCUtrecht/Documenten/PhD%20Documents/Projecten/SlideToolkit/Cellprofiler/CD34%20LRP%20pipeline%20-%20done/test/AE5.T02-6890.CD34.X4000.Y4000.normalized.tile.tissue.png,0,AE5,nan,CD34,0,T02-6890,X4000,Y4000,1468.046875,1598.609375,0,70,264
1,71,nan,file:/Users/tpeters4/Library/CloudStorage/OneDrive-UMCUtrecht/Documenten/PhD%20Documents/Projecten/SlideToolkit/Cellprofiler/CD34%20LRP%20pipeline%20-%20done/test/AE5.T02-6890.CD34.X4000.Y4000.normalized.tile.tissue.png,0,AE5,nan,CD34,0,T02-6890,X4000,Y4000,1188.5735294117646,1602.8529411764705,0,71,265
1,72,nan,file:/Users/tpeters4/Library/CloudStorage/OneDrive-UMCUtrecht/Documenten/PhD%20Documents/Projecten/SlideToolkit/Cellprofiler/CD34%20LRP%20pipeline%20-%20done/test/AE5.T02-6890.CD34.X4000.Y4000.normalized.tile.tissue.png,0,AE5,nan,CD34,0,T02-6890,X4000,Y4000,739.8484848484849,1607.7272727272727,0,72,268
1,73,nan,file:/Users/tpeters4/Library/CloudStorage/OneDrive-UMCUtrecht/Documenten/PhD%20Documents/Projecten/SlideToolkit/Cellprofiler/CD34%20LRP%20pipeline%20-%20done/test/AE5.T02-6890.CD34.X4000.Y4000.normalized.tile.tissue.png,0,AE5,nan,CD34,0,T02-6890,X4000,Y4000,1422.0555555555557,1610.6666666666667,0,73,269
1,74,nan,file:/Users/tpeters4/Library/CloudStorage/OneDrive-UMCUtrecht/Documenten/PhD%20Documents/Projecten/SlideToolkit/Cellprofiler/CD34%20LRP%20pipeline%20-%20done/test/AE5.T02-6890.CD34.X4000.Y4000.normalized.tile.tissue.png,0,AE5,nan,CD34,0,T02-6890,X4000,Y4000,54.86046511627907,1614.5116279069769,0,74,270
1,75,nan,file:/Users/tpeters4/Library/CloudStorage/OneDrive-UMCUtrecht/Documenten/PhD%20Documents/Projecten/SlideToolkit/Cellprofiler/CD34%20LRP%20pipeline%20-%20done/test/AE5.T02-6890.CD34.X4000.Y4000.normalized.tile.tissue.png,0,AE5,nan,CD34,0,T02-6890,X4000,Y4000,1375.0882352941176,1615.7941176470588,0,75,271
1,76,nan,file:/Users/tpeters4/Library/CloudStorage/OneDrive-UMCUtrecht/Documenten/PhD%20Documents/Projecten/SlideToolkit/Cellprofiler/CD34%20LRP%20pipeline%20-%20done/test/AE5.T02-6890.CD34.X4000.Y4000.normalized.tile.tissue.png,0,AE5,nan,CD34,0,T02-6890,X4000,Y4000,68.7560975609756,1622.841463414634,0,76,273
1,77,nan,file:/Users/tpeters4/Library/CloudStorage/OneDrive-UMCUtrecht/Documenten/PhD%20Documents/Projecten/SlideToolkit/Cellprofiler/CD34%20LRP%20pipeline%20-%20done/test/AE5.T02-6890.CD34.X4000.Y4000.normalized.tile.tissue.png,0,AE5,nan,CD34,0,T02-6890,X4000,Y4000,1387.5652173913043,1630.0869565217392,0,77,275
1,78,nan,file:/Users/tpeters4/Library/CloudStorage/OneDrive-UMCUtrecht/Documenten/PhD%20Documents/Projecten/SlideToolkit/Cellprofiler/CD34%20LRP%20pipeline%20-%20done/test/AE5.T02-6890.CD34.X4000.Y4000.normalized.tile.tissue.png,0,AE5,nan,CD34,0,T02-6890,X4000,Y4000,1288.875,1637.09375,0,78,279
1,79,nan,file:/Users/tpeters4/Library/CloudStorage/OneDrive-UMCUtrecht/Documenten/PhD%20Documents/Projecten/SlideToolkit/Cellprofiler/CD34%20LRP%20pipeline%20-%20done/test/AE5.T02-6890.CD34.X4000.Y4000.normalized.tile.tissue.png,0,AE5,nan,CD34,0,T02-6890,X4000,Y4000,1709.58,1640.17,0,79,281
1,80,nan,file:/Users/tpeters4/Library/CloudStorage/OneDrive-UMCUtrecht/Documenten/PhD%20Documents/Projecten/SlideToolkit/Cellprofiler/CD34%20LRP%20pipeline%20-%20done/test/AE5.T02-6890.CD34.X4000.Y4000.normalized.tile.tissue.png,0,AE5,nan,CD34,0,T02-6890,X4000,Y4000,856.5294117647059,1643.1764705882354,0,80,283
1,81,nan,file:/Users/tpeters4/Library/CloudStorage/OneDrive-UMCUtrecht/Documenten/PhD%20Documents/Projecten/SlideToolkit/Cellprofiler/CD34%20LRP%20pipeline%20-%20done/test/AE5.T02-6890.CD34.X4000.Y4000.normalized.tile.tissue.png,0,AE5,nan,CD34,0,T02-6890,X4000,Y4000,1246.3555555555556,1648.0333333333333,0,81,287
1,82,nan,file:/Users/tpeters4/Library/CloudStorage/OneDrive-UMCUtrecht/Documenten/PhD%20Documents/Projecten/SlideToolkit/Cellprofiler/CD34%20LRP%20pipeline%20-%20done/test/AE5.T02-6890.CD34.X4000.Y4000.normalized.tile.tissue.png,0,AE5,nan,CD34,0,T02-6890,X4000,Y4000,914.328947368421,1648.421052631579,0,82,289
1,83,nan,file:/Users/tpeters4/Library/CloudStorage/OneDrive-UMCUtrecht/Documenten/PhD%20Documents/Projecten/SlideToolkit/Cellprofiler/CD34%20LRP%20pipeline%20-%20done/test/AE5.T02-6890.CD34.X4000.Y4000.normalized.tile.tissue.png,0,AE5,nan,CD34,0,T02-6890,X4000,Y4000,1695.2790697674418,1652.046511627907,0,83,290
1,84,nan,file:/Users/tpeters4/Library/CloudStorage/OneDrive-UMCUtrecht/Documenten/PhD%20Documents/Projecten/SlideToolkit/Cellprofiler/CD34%20LRP%20pipeline%20-%20done/test/AE5.T02-6890.CD34.X4000.Y4000.normalized.tile.tissue.png,0,AE5,nan,CD34,0,T02-6890,X4000,Y4000,1382.5,1659.5326086956522,0,84,291
1,85,nan,file:/Users/tpeters4/Library/CloudStorage/OneDrive-UMCUtrecht/Documenten/PhD%20Documents/Projecten/SlideToolkit/Cellprofiler/CD34%20LRP%20pipeline%20-%20done/test/AE5.T02-6890.CD34.X4000.Y4000.normalized.tile.tissue.png,0,AE5,nan,CD34,0,T02-6890,X4000,Y4000,1416.0229885057472,1657.9195402298851,0,85,292
1,86,nan,file:/Users/tpeters4/Library/CloudStorage/OneDrive-UMCUtrecht/Documenten/PhD%20Documents/Projecten/SlideToolkit/Cellprofiler/CD34%20LRP%20pipeline%20-%20done/test/AE5.T02-6890.CD34.X4000.Y4000.normalized.tile.tissue.png,0,AE5,nan,CD34,0,T02-6890,X4000,Y4000,1342.392857142857,1669.4107142857142,0,86,298
1,87,nan,file:/Users/tpeters4/Library/CloudStorage/OneDrive-UMCUtrecht/Documenten/PhD%20Documents/Projecten/SlideToolkit/Cellprofiler/CD34%20LRP%20pipeline%20-%20done/test/AE5.T02-6890.CD34.X4000.Y4000.normalized.tile.tissue.png,0,AE5,nan,CD34,0,T02-6890,X4000,Y4000,1573.0657894736842,1672.0394736842106,0,87,299
1,88,nan,file:/Users/tpeters4/Library/CloudStorage/OneDrive-UMCUtrecht/Documenten/PhD%20Documents/Projecten/SlideToolkit/Cellprofiler/CD34%20LRP%20pipeline%20-%20done/test/AE5.T02-6890.CD34.X4000.Y4000.normalized.tile.tissue.png,0,AE5,nan,CD34,0,T02-6890,X4000,Y4000,1407.7307692307693,1672.3942307692307,0,88,300
1,89,nan,file:/Users/tpeters4/Library/CloudStorage/OneDrive-UMCUtrecht/Documenten/PhD%20Documents/Projecten/SlideToolkit/Cellprofiler/CD34%20LRP%20pipeline%20-%20done/test/AE5.T02-6890.CD34.X4000.Y4000.normalized.tile.tissue.png,0,AE5,nan,CD34,0,T02-6890,X4000,Y4000,1443.4179104477612,1675.2835820895523,0,89,301
1,90,nan,file:/Users/tpeters4/Library/CloudStorage/OneDrive-UMCUtrecht/Documenten/PhD%20Documents/Projecten/SlideToolkit/Cellprofiler/CD34%20LRP%20pipeline%20-%20done/test/AE5.T02-6890.CD34.X4000.Y4000.normalized.tile.tissue.png,0,AE5,nan,CD34,0,T02-6890,X4000,Y4000,441.17241379310343,1680.7586206896551,0,90,305
1,91,nan,file:/Users/tpeters4/Library/CloudStorage/OneDrive-UMCUtrecht/Documenten/PhD%20Documents/Projecten/SlideToolkit/Cellprofiler/CD34%20LRP%20pipeline%20-%20done/test/AE5.T02-6890.CD34.X4000.Y4000.normalized.tile.tissue.png,0,AE5,nan,CD34,0,T02-6890,X4000,Y4000,563.7073170731708,1679.4878048780488,0,91,307
1,92,nan,file:/Users/tpeters4/Library/CloudStorage/OneDrive-UMCUtrecht/Documenten/PhD%20Documents/Projecten/SlideToolkit/Cellprofiler/CD34%20LRP%20pipeline%20-%20done/test/AE5.T02-6890.CD34.X4000.Y4000.normalized.tile.tissue.png,0,AE5,nan,CD34,0,T02-6890,X4000,Y4000,467.95454545454544,1680.2727272727273,0,92,308
1,93,nan,file:/Users/tpeters4/Library/CloudStorage/OneDrive-UMCUtrecht/Documenten/PhD%20Documents/Projecten/SlideToolkit/Cellprofiler/CD34%20LRP%20pipeline%20-%20done/test/AE5.T02-6890.CD34.X4000.Y4000.normalized.tile.tissue.png,0,AE5,nan,CD34,0,T02-6890,X4000,Y4000,450.60377358490564,1685.3396226415093,0,93,310
1,94,nan,file:/Users/tpeters4/Library/CloudStorage/OneDrive-UMCUtrecht/Documenten/PhD%20Documents/Projecten/SlideToolkit/Cellprofiler/CD34%20LRP%20pipeline%20-%20done/test/AE5.T02-6890.CD34.X4000.Y4000.normalized.tile.tissue.png,0,AE5,nan,CD34,0,T02-6890,X4000,Y4000,595.9538461538461,1683.9692307692308,0,94,311
1,95,nan,file:/Users/tpeters4/Library/CloudStorage/OneDrive-UMCUtrecht/Documenten/PhD%20Documents/Projecten/SlideToolkit/Cellprofiler/CD34%20LRP%20pipeline%20-%20done/test/AE5.T02-6890.CD34.X4000.Y4000.normalized.tile.tissue.png,0,AE5,nan,CD34,0,T02-6890,X4000,Y4000,1209.9583333333333,1686.9166666666667,0,95,314
1,96,nan,file:/Users/tpeters4/Library/CloudStorage/OneDrive-UMCUtrecht/Documenten/PhD%20Documents/Projecten/SlideToolkit/Cellprofiler/CD34%20LRP%20pipeline%20-%20done/test/AE5.T02-6890.CD34.X4000.Y4000.normalized.tile.tissue.png,0,AE5,nan,CD34,0,T02-6890,X4000,Y4000,523.3220338983051,1691.6101694915253,0,96,316
1,97,nan,file:/Users/tpeters4/Library/CloudStorage/OneDrive-UMCUtrecht/Documenten/PhD%20Documents/Projecten/SlideToolkit/Cellprofiler/CD34%20LRP%20pipeline%20-%20done/test/AE5.T02-6890.CD34.X4000.Y4000.normalized.tile.tissue.png,0,AE5,nan,CD34,0,T02-6890,X4000,Y4000,705.5555555555555,1696.5238095238096,0,97,317
1,98,nan,file:/Users/tpeters4/Library/CloudStorage/OneDrive-UMCUtrecht/Documenten/PhD%20Documents/Projecten/SlideToolkit/Cellprofiler/CD34%20LRP%20pipeline%20-%20done/test/AE5.T02-6890.CD34.X4000.Y4000.normalized.tile.tissue.png,0,AE5,nan,CD34,0,T02-6890,X4000,Y4000,1510.7888888888888,1711.8444444444444,0,98,323
1,99,nan,file:/Users/tpeters4/Library/CloudStorage/OneDrive-UMCUtrecht/Documenten/PhD%20Documents/Projecten/SlideToolkit/Cellprofiler/CD34%20LRP%20pipeline%20-%20done/test/AE5.T02-6890.CD34.X4000.Y4000.normalized.tile.tissue.png,0,AE5,nan,CD34,0,T02-6890,X4000,Y4000,1337.092105263158,1716.092105263158,0,99,325
1,100,nan,file:/Users/tpeters4/Library/CloudStorage/OneDrive-UMCUtrecht/Documenten/PhD%20Documents/Projecten/SlideToolkit/Cellprofiler/CD34%20LRP%20pipeline%20-%20done/test/AE5.T02-6890.CD34.X4000.Y4000.normalized.tile.tissue.png,0,AE5,nan,CD34,0,T02-6890,X4000,Y4000,1494.204081632653,1724.1632653061224,0,100,327
1,101,nan,file:/Users/tpeters4/Library/CloudStorage/OneDrive-UMCUtrecht/Documenten/PhD%20Documents/Projecten/SlideToolkit/Cellprofiler/CD34%20LRP%20pipeline%20-%20done/test/AE5.T02-6890.CD34.X4000.Y4000.normalized.tile.tissue.png,0,AE5,nan,CD34,0,T02-6890,X4000,Y4000,1474.7761194029852,1722.3432835820895,0,101,328
1,102,nan,file:/Users/tpeters4/Library/CloudStorage/OneDrive-UMCUtrecht/Documenten/PhD%20Documents/Projecten/SlideToolkit/Cellprofiler/CD34%20LRP%20pipeline%20-%20done/test/AE5.T02-6890.CD34.X4000.Y4000.normalized.tile.tissue.png,0,AE5,nan,CD34,0,T02-6890,X4000,Y4000,1276.0204081632653,1740.1326530612246,0,102,329
1,103,nan,file:/Users/tpeters4/Library/CloudStorage/OneDrive-UMCUtrecht/Documenten/PhD%20Documents/Projecten/SlideToolkit/Cellprofiler/CD34%20LRP%20pipeline%20-%20done/test/AE5.T02-6890.CD34.X4000.Y4000.normalized.tile.tissue.png,0,AE5,nan,CD34,0,T02-6890,X4000,Y4000,427.2586206896552,1739.2241379310344,0,103,331
1,104,nan,file:/Users/tpeters4/Library/CloudStorage/OneDrive-UMCUtrecht/Documenten/PhD%20Documents/Projecten/SlideToolkit/Cellprofiler/CD34%20LRP%20pipeline%20-%20done/test/AE5.T02-6890.CD34.X4000.Y4000.normalized.tile.tissue.png,0,AE5,nan,CD34,0,T02-6890,X4000,Y4000,1231.25,1742.46875,0,104,332
1,105,nan,file:/Users/tpeters4/Library/CloudStorage/OneDrive-UMCUtrecht/Documenten/PhD%20Documents/Projecten/SlideToolkit/Cellprofiler/CD34%20LRP%20pipeline%20-%20done/test/AE5.T02-6890.CD34.X4000.Y4000.normalized.tile.tissue.png,0,AE5,nan,CD34,0,T02-6890,X4000,Y4000,587.1764705882352,1747.8823529411766,0,105,334
1,106,nan,file:/Users/tpeters4/Library/CloudStorage/OneDrive-UMCUtrecht/Documenten/PhD%20Documents/Projecten/SlideToolkit/Cellprofiler/CD34%20LRP%20pipeline%20-%20done/test/AE5.T02-6890.CD34.X4000.Y4000.normalized.tile.tissue.png,0,AE5,nan,CD34,0,T02-6890,X4000,Y4000,554.3285714285714,1754.5285714285715,0,106,336
1,107,nan,file:/Users/tpeters4/Library/CloudStorage/OneDrive-UMCUtrecht/Documenten/PhD%20Documents/Projecten/SlideToolkit/Cellprofiler/CD34%20LRP%20pipeline%20-%20done/test/AE5.T02-6890.CD34.X4000.Y4000.normalized.tile.tissue.png,0,AE5,nan,CD34,0,T02-6890,X4000,Y4000,108.79310344827586,1761.7931034482758,0,107,338
1,108,nan,file:/Users/tpeters4/Library/CloudStorage/OneDrive-UMCUtrecht/Documenten/PhD%20Documents/Projecten/SlideToolkit/Cellprofiler/CD34%20LRP%20pipeline%20-%20done/test/AE5.T02-6890.CD34.X4000.Y4000.normalized.tile.tissue.png,0,AE5,nan,CD34,0,T02-6890,X4000,Y4000,1424.050847457627,1771.677966101695,0,108,340
1,109,nan,file:/Users/tpeters4/Library/CloudStorage/OneDrive-UMCUtrecht/Documenten/PhD%20Documents/Projecten/SlideToolkit/Cellprofiler/CD34%20LRP%20pipeline%20-%20done/test/AE5.T02-6890.CD34.X4000.Y4000.normalized.tile.tissue.png,0,AE5,nan,CD34,0,T02-6890,X4000,Y4000,21.65714285714286,1771.7142857142858,0,109,341
1,110,nan,file:/Users/tpeters4/Library/CloudStorage/OneDrive-UMCUtrecht/Documenten/PhD%20Documents/Projecten/SlideToolkit/Cellprofiler/CD34%20LRP%20pipeline%20-%20done/test/AE5.T02-6890.CD34.X4000.Y4000.normalized.tile.tissue.png,0,AE5,nan,CD34,0,T02-6890,X4000,Y4000,71.95238095238095,1785.3095238095239,0,110,347
1,111,nan,file:/Users/tpeters4/Library/CloudStorage/OneDrive-UMCUtrecht/Documenten/PhD%20Documents/Projecten/SlideToolkit/Cellprofiler/CD34%20LRP%20pipeline%20-%20done/test/AE5.T02-6890.CD34.X4000.Y4000.normalized.tile.tissue.png,0,AE5,nan,CD34,0,T02-6890,X4000,Y4000,1004.1866666666666,1833.2666666666667,0,111,352
1,112,nan,file:/Users/tpeters4/Library/CloudStorage/OneDrive-UMCUtrecht/Documenten/PhD%20Documents/Projecten/SlideToolkit/Cellprofiler/CD34%20LRP%20pipeline%20-%20done/test/AE5.T02-6890.CD34.X4000.Y4000.normalized.tile.tissue.png,0,AE5,nan,CD34,0,T02-6890,X4000,Y4000,1361.774193548387,1833.3225806451612,0,112,353
1,113,nan,file:/Users/tpeters4/Library/CloudStorage/OneDrive-UMCUtrecht/Documenten/PhD%20Documents/Projecten/SlideToolkit/Cellprofiler/CD34%20LRP%20pipeline%20-%20done/test/AE5.T02-6890.CD34.X4000.Y4000.normalized.tile.tissue.png,0,AE5,nan,CD34,0,T02-6890,X4000,Y4000,1418.8651685393259,1837.191011235955,0,113,354
1,114,nan,file:/Users/tpeters4/Library/CloudStorage/OneDrive-UMCUtrecht/Documenten/PhD%20Documents/Projecten/SlideToolkit/Cellprofiler/CD34%20LRP%20pipeline%20-%20done/test/AE5.T02-6890.CD34.X4000.Y4000.normalized.tile.tissue.png,0,AE5,nan,CD34,0,T02-6890,X4000,Y4000,1338.3098591549297,1836.9859154929577,0,114,355
1,115,nan,file:/Users/tpeters4/Library/CloudStorage/OneDrive-UMCUtrecht/Documenten/PhD%20Documents/Projecten/SlideToolkit/Cellprofiler/CD34%20LRP%20pipeline%20-%20done/test/AE5.T02-6890.CD34.X4000.Y4000.normalized.tile.tissue.png,0,AE5,nan,CD34,0,T02-6890,X4000,Y4000,1025.3382352941176,1839.0882352941176,0,115,357
1,116,nan,file:/Users/tpeters4/Library/CloudStorage/OneDrive-UMCUtrecht/Documenten/PhD%20Documents/Projecten/SlideToolkit/Cellprofiler/CD34%20LRP%20pipeline%20-%20done/test/AE5.T02-6890.CD34.X4000.Y4000.normalized.tile.tissue.png,0,AE5,nan,CD34,0,T02-6890,X4000,Y4000,38.857142857142854,1843.047619047619,0,116,358
1,117,nan,file:/Users/tpeters4/Library/CloudStorage/OneDrive-UMCUtrecht/Documenten/PhD%20Documents/Projecten/SlideToolkit/Cellprofiler/CD34%20LRP%20pipeline%20-%20done/test/AE5.T02-6890.CD34.X4000.Y4000.normalized.tile.tissue.png,0,AE5,nan,CD34,0,T02-6890,X4000,Y4000,1251.9833333333333,1848.9,0,117,359
1,118,nan,file:/Users/tpeters4/Library/CloudStorage/OneDrive-UMCUtrecht/Documenten/PhD%20Documents/Projecten/SlideToolkit/Cellprofiler/CD34%20LRP%20pipeline%20-%20done/test/AE5.T02-6890.CD34.X4000.Y4000.normalized.tile.tissue.png,0,AE5,nan,CD34,0,T02-6890,X4000,Y4000,83.3030303030303,1851.939393939394,0,118,365
1,119,nan,file:/Users/tpeters4/Library/CloudStorage/OneDrive-UMCUtrecht/Documenten/PhD%20Documents/Projecten/SlideToolkit/Cellprofiler/CD34%20LRP%20pipeline%20-%20done/test/AE5.T02-6890.CD34.X4000.Y4000.normalized.tile.tissue.png,0,AE5,nan,CD34,0,T02-6890,X4000,Y4000,1313.4857142857143,1863.2714285714285,0,119,368
1,120,nan,file:/Users/tpeters4/Library/CloudStorage/OneDrive-UMCUtrecht/Documenten/PhD%20Documents/Projecten/SlideToolkit/Cellprofiler/CD34%20LRP%20pipeline%20-%20done/test/AE5.T02-6890.CD34.X4000.Y4000.normalized.tile.tissue.png,0,AE5,nan,CD34,0,T02-6890,X4000,Y4000,1246.142857142857,1867.0204081632653,0,120,370
1,121,nan,file:/Users/tpeters4/Library/CloudStorage/OneDrive-UMCUtrecht/Documenten/PhD%20Documents/Projecten/SlideToolkit/Cellprofiler/CD34%20LRP%20pipeline%20-%20done/test/AE5.T02-6890.CD34.X4000.Y4000.normalized.tile.tissue.png,0,AE5,nan,CD34,0,T02-6890,X4000,Y4000,1197.0566037735848,1876.3962264150944,0,121,373
1,122,nan,file:/Users/tpeters4/Library/CloudStorage/OneDrive-UMCUtrecht/Documenten/PhD%20Documents/Projecten/SlideToolkit/Cellprofiler/CD34%20LRP%20pipeline%20-%20done/test/AE5.T02-6890.CD34.X4000.Y4000.normalized.tile.tissue.png,0,AE5,nan,CD34,0,T02-6890,X4000,Y4000,1273.3225806451612,1877.6451612903227,0,122,375
1,123,nan,file:/Users/tpeters4/Library/CloudStorage/OneDrive-UMCUtrecht/Documenten/PhD%20Documents/Projecten/SlideToolkit/Cellprofiler/CD34%20LRP%20pipeline%20-%20done/test/AE5.T02-6890.CD34.X4000.Y4000.normalized.tile.tissue.png,0,AE5,nan,CD34,0,T02-6890,X4000,Y4000,1359.875,1879.9305555555557,0,123,376
1,124,nan,file:/Users/tpeters4/Library/CloudStorage/OneDrive-UMCUtrecht/Documenten/PhD%20Documents/Projecten/SlideToolkit/Cellprofiler/CD34%20LRP%20pipeline%20-%20done/test/AE5.T02-6890.CD34.X4000.Y4000.normalized.tile.tissue.png,0,AE5,nan,CD34,0,T02-6890,X4000,Y4000,142.76666666666668,1881.7,0,124,377
1,125,nan,file:/Users/tpeters4/Library/CloudStorage/OneDrive-UMCUtrecht/Documenten/PhD%20Documents/Projecten/SlideToolkit/Cellprofiler/CD34%20LRP%20pipeline%20-%20done/test/AE5.T02-6890.CD34.X4000.Y4000.normalized.tile.tissue.png,0,AE5,nan,CD34,0,T02-6890,X4000,Y4000,731.6883116883117,1890.142857142857,0,125,381
1,126,nan,file:/Users/tpeters4/Library/CloudStorage/OneDrive-UMCUtrecht/Documenten/PhD%20Documents/Projecten/SlideToolkit/Cellprofiler/CD34%20LRP%20pipeline%20-%20done/test/AE5.T02-6890.CD34.X4000.Y4000.normalized.tile.tissue.png,0,AE5,nan,CD34,0,T02-6890,X4000,Y4000,1319.2727272727273,1888.7575757575758,0,126,382
1,127,nan,file:/Users/tpeters4/Library/CloudStorage/OneDrive-UMCUtrecht/Documenten/PhD%20Documents/Projecten/SlideToolkit/Cellprofiler/CD34%20LRP%20pipeline%20-%20done/test/AE5.T02-6890.CD34.X4000.Y4000.normalized.tile.tissue.png,0,AE5,nan,CD34,0,T02-6890,X4000,Y4000,1309.4137931034484,1897.3103448275863,0,127,385
1,128,nan,file:/Users/tpeters4/Library/CloudStorage/OneDrive-UMCUtrecht/Documenten/PhD%20Documents/Projecten/SlideToolkit/Cellprofiler/CD34%20LRP%20pipeline%20-%20done/test/AE5.T02-6890.CD34.X4000.Y4000.normalized.tile.tissue.png,0,AE5,nan,CD34,0,T02-6890,X4000,Y4000,1341.344262295082,1896.7868852459017,0,128,386
1,129,nan,file:/Users/tpeters4/Library/CloudStorage/OneDrive-UMCUtrecht/Documenten/PhD%20Documents/Projecten/SlideToolkit/Cellprofiler/CD34%20LRP%20pipeline%20-%20done/test/AE5.T02-6890.CD34.X4000.Y4000.normalized.tile.tissue.png,0,AE5,nan,CD34,0,T02-6890,X4000,Y4000,1137.9032258064517,1900.5,0,129,387
1,130,nan,file:/Users/tpeters4/Library/CloudStorage/OneDrive-UMCUtrecht/Documenten/PhD%20Documents/Projecten/SlideToolkit/Cellprofiler/CD34%20LRP%20pipeline%20-%20done/test/AE5.T02-6890.CD34.X4000.Y4000.normalized.tile.tissue.png,0,AE5,nan,CD34,0,T02-6890,X4000,Y4000,1252.3714285714286,1902.0857142857142,0,130,388
1,131,nan,file:/Users/tpeters4/Library/CloudStorage/OneDrive-UMCUtrecht/Documenten/PhD%20Documents/Projecten/SlideToolkit/Cellprofiler/CD34%20LRP%20pipeline%20-%20done/test/AE5.T02-6890.CD34.X4000.Y4000.normalized.tile.tissue.png,0,AE5,nan,CD34,0,T02-6890,X4000,Y4000,1169.9375,1903.7083333333333,0,131,389
1,132,nan,file:/Users/tpeters4/Library/CloudStorage/OneDrive-UMCUtrecht/Documenten/PhD%20Documents/Projecten/SlideToolkit/Cellprofiler/CD34%20LRP%20pipeline%20-%20done/test/AE5.T02-6890.CD34.X4000.Y4000.normalized.tile.tissue.png,0,AE5,nan,CD34,0,T02-6890,X4000,Y4000,1291.9736842105262,1911.7763157894738,0,132,390
1,133,nan,file:/Users/tpeters4/Library/CloudStorage/OneDrive-UMCUtrecht/Documenten/PhD%20Documents/Projecten/SlideToolkit/Cellprofiler/CD34%20LRP%20pipeline%20-%20done/test/AE5.T02-6890.CD34.X4000.Y4000.normalized.tile.tissue.png,0,AE5,nan,CD34,0,T02-6890,X4000,Y4000,1121.134328358209,1910.358208955224,0,133,392
1,134,nan,file:/Users/tpeters4/Library/CloudStorage/OneDrive-UMCUtrecht/Documenten/PhD%20Documents/Projecten/SlideToolkit/Cellprofiler/CD34%20LRP%20pipeline%20-%20done/test/AE5.T02-6890.CD34.X4000.Y4000.normalized.tile.tissue.png,0,AE5,nan,CD34,0,T02-6890,X4000,Y4000,1341.8695652173913,1913.7391304347825,0,134,395
1,135,nan,file:/Users/tpeters4/Library/CloudStorage/OneDrive-UMCUtrecht/Documenten/PhD%20Documents/Projecten/SlideToolkit/Cellprofiler/CD34%20LRP%20pipeline%20-%20done/test/AE5.T02-6890.CD34.X4000.Y4000.normalized.tile.tissue.png,0,AE5,nan,CD34,0,T02-6890,X4000,Y4000,1363.1971830985915,1917.4084507042253,0,135,398
1,136,nan,file:/Users/tpeters4/Library/CloudStorage/OneDrive-UMCUtrecht/Documenten/PhD%20Documents/Projecten/SlideToolkit/Cellprofiler/CD34%20LRP%20pipeline%20-%20done/test/AE5.T02-6890.CD34.X4000.Y4000.normalized.tile.tissue.png,0,AE5,nan,CD34,0,T02-6890,X4000,Y4000,1152.340425531915,1924.872340425532,0,136,399
1,137,nan,file:/Users/tpeters4/Library/CloudStorage/OneDrive-UMCUtrecht/Documenten/PhD%20Documents/Projecten/SlideToolkit/Cellprofiler/CD34%20LRP%20pipeline%20-%20done/test/AE5.T02-6890.CD34.X4000.Y4000.normalized.tile.tissue.png,0,AE5,nan,CD34,0,T02-6890,X4000,Y4000,811.3137254901961,1925.8823529411766,0,137,401
1,138,nan,file:/Users/tpeters4/Library/CloudStorage/OneDrive-UMCUtrecht/Documenten/PhD%20Documents/Projecten/SlideToolkit/Cellprofiler/CD34%20LRP%20pipeline%20-%20done/test/AE5.T02-6890.CD34.X4000.Y4000.normalized.tile.tissue.png,0,AE5,nan,CD34,0,T02-6890,X4000,Y4000,1327.7972972972973,1930.9864864864865,0,138,402
1,139,nan,file:/Users/tpeters4/Library/CloudStorage/OneDrive-UMCUtrecht/Documenten/PhD%20Documents/Projecten/SlideToolkit/Cellprofiler/CD34%20LRP%20pipeline%20-%20done/test/AE5.T02-6890.CD34.X4000.Y4000.normalized.tile.tissue.png,0,AE5,nan,CD34,0,T02-6890,X4000,Y4000,374.17241379310343,1927.5172413793102,0,139,403
1,140,nan,file:/Users/tpeters4/Library/CloudStorage/OneDrive-UMCUtrecht/Documenten/PhD%20Documents/Projecten/SlideToolkit/Cellprofiler/CD34%20LRP%20pipeline%20-%20done/test/AE5.T02-6890.CD34.X4000.Y4000.normalized.tile.tissue.png,0,AE5,nan,CD34,0,T02-6890,X4000,Y4000,80.6470588235294,1933.4411764705883,0,140,404
1,141,nan,file:/Users/tpeters4/Library/CloudStorage/OneDrive-UMCUtrecht/Documenten/PhD%20Documents/Projecten/SlideToolkit/Cellprofiler/CD34%20LRP%20pipeline%20-%20done/test/AE5.T02-6890.CD34.X4000.Y4000.normalized.tile.tissue.png,0,AE5,nan,CD34,0,T02-6890,X4000,Y4000,832.7631578947369,1934.2105263157894,0,141,407
1,142,nan,file:/Users/tpeters4/Library/CloudStorage/OneDrive-UMCUtrecht/Documenten/PhD%20Documents/Projecten/SlideToolkit/Cellprofiler/CD34%20LRP%20pipeline%20-%20done/test/AE5.T02-6890.CD34.X4000.Y4000.normalized.tile.tissue.png,0,AE5,nan,CD34,0,T02-6890,X4000,Y4000,1114.25,1935.4833333333333,0,142,408
1,143,nan,file:/Users/tpeters4/Library/CloudStorage/OneDrive-UMCUtrecht/Documenten/PhD%20Documents/Projecten/SlideToolkit/Cellprofiler/CD34%20LRP%20pipeline%20-%20done/test/AE5.T02-6890.CD34.X4000.Y4000.normalized.tile.tissue.png,0,AE5,nan,CD34,0,T02-6890,X4000,Y4000,1281.3508771929824,1940.3157894736842,0,143,410
1,144,nan,file:/Users/tpeters4/Library/CloudStorage/OneDrive-UMCUtrecht/Documenten/PhD%20Documents/Projecten/SlideToolkit/Cellprofiler/CD34%20LRP%20pipeline%20-%20done/test/AE5.T02-6890.CD34.X4000.Y4000.normalized.tile.tissue.png,0,AE5,nan,CD34,0,T02-6890,X4000,Y4000,1336.0943396226414,1944.7924528301887,0,144,412
1,145,nan,file:/Users/tpeters4/Library/CloudStorage/OneDrive-UMCUtrecht/Documenten/PhD%20Documents/Projecten/SlideToolkit/Cellprofiler/CD34%20LRP%20pipeline%20-%20done/test/AE5.T02-6890.CD34.X4000.Y4000.normalized.tile.tissue.png,0,AE5,nan,CD34,0,T02-6890,X4000,Y4000,435.03333333333336,1943.2333333333333,0,145,413
1,146,nan,file:/Users/tpeters4/Library/CloudStorage/OneDrive-UMCUtrecht/Documenten/PhD%20Documents/Projecten/SlideToolkit/Cellprofiler/CD34%20LRP%20pipeline%20-%20done/test/AE5.T02-6890.CD34.X4000.Y4000.normalized.tile.tissue.png,0,AE5,nan,CD34,0,T02-6890,X4000,Y4000,839.2692307692307,1944.4871794871794,0,146,414
1,147,nan,file:/Users/tpeters4/Library/CloudStorage/OneDrive-UMCUtrecht/Documenten/PhD%20Documents/Projecten/SlideToolkit/Cellprofiler/CD34%20LRP%20pipeline%20-%20done/test/AE5.T02-6890.CD34.X4000.Y4000.normalized.tile.tissue.png,0,AE5,nan,CD34,0,T02-6890,X4000,Y4000,508.325,1944.675,0,147,416
1,148,nan,file:/Users/tpeters4/Library/CloudStorage/OneDrive-UMCUtrecht/Documenten/PhD%20Documents/Projecten/SlideToolkit/Cellprofiler/CD34%20LRP%20pipeline%20-%20done/test/AE5.T02-6890.CD34.X4000.Y4000.normalized.tile.tissue.png,0,AE5,nan,CD34,0,T02-6890,X4000,Y4000,830.3125,1947.46875,0,148,417
1,149,nan,file:/Users/tpeters4/Library/CloudStorage/OneDrive-UMCUtrecht/Documenten/PhD%20Documents/Projecten/SlideToolkit/Cellprofiler/CD34%20LRP%20pipeline%20-%20done/test/AE5.T02-6890.CD34.X4000.Y4000.normalized.tile.tissue.png,0,AE5,nan,CD34,0,T02-6890,X4000,Y4000,812.027027027027,1947.2972972972973,0,149,419
1,150,nan,file:/Users/tpeters4/Library/CloudStorage/OneDrive-UMCUtrecht/Documenten/PhD%20Documents/Projecten/SlideToolkit/Cellprofiler/CD34%20LRP%20pipeline%20-%20done/test/AE5.T02-6890.CD34.X4000.Y4000.normalized.tile.tissue.png,0,AE5,nan,CD34,0,T02-6890,X4000,Y4000,106.4390243902439,1951.8536585365853,0,150,420
1,151,nan,file:/Users/tpeters4/Library/CloudStorage/OneDrive-UMCUtrecht/Documenten/PhD%20Documents/Projecten/SlideToolkit/Cellprofiler/CD34%20LRP%20pipeline%20-%20done/test/AE5.T02-6890.CD34.X4000.Y4000.normalized.tile.tissue.png,0,AE5,nan,CD34,0,T02-6890,X4000,Y4000,1085.923076923077,1951.4358974358975,0,151,424
1,152,nan,file:/Users/tpeters4/Library/CloudStorage/OneDrive-UMCUtrecht/Documenten/PhD%20Documents/Projecten/SlideToolkit/Cellprofiler/CD34%20LRP%20pipeline%20-%20done/test/AE5.T02-6890.CD34.X4000.Y4000.normalized.tile.tissue.png,0,AE5,nan,CD34,0,T02-6890,X4000,Y4000,751.6153846153846,1954.2564102564102,0,152,427
1,153,nan,file:/Users/tpeters4/Library/CloudStorage/OneDrive-UMCUtrecht/Documenten/PhD%20Documents/Projecten/SlideToolkit/Cellprofiler/CD34%20LRP%20pipeline%20-%20done/test/AE5.T02-6890.CD34.X4000.Y4000.normalized.tile.tissue.png,0,AE5,nan,CD34,0,T02-6890,X4000,Y4000,25.454545454545453,1955.1363636363637,0,153,428
1,154,nan,file:/Users/tpeters4/Library/CloudStorage/OneDrive-UMCUtrecht/Documenten/PhD%20Documents/Projecten/SlideToolkit/Cellprofiler/CD34%20LRP%20pipeline%20-%20done/test/AE5.T02-6890.CD34.X4000.Y4000.normalized.tile.tissue.png,0,AE5,nan,CD34,0,T02-6890,X4000,Y4000,1361.4716981132076,1963.0188679245282,0,154,432
1,155,nan,file:/Users/tpeters4/Library/CloudStorage/OneDrive-UMCUtrecht/Documenten/PhD%20Documents/Projecten/SlideToolkit/Cellprofiler/CD34%20LRP%20pipeline%20-%20done/test/AE5.T02-6890.CD34.X4000.Y4000.normalized.tile.tissue.png,0,AE5,nan,CD34,0,T02-6890,X4000,Y4000,1373.4025974025974,1960.7662337662337,0,155,433
1,156,nan,file:/Users/tpeters4/Library/CloudStorage/OneDrive-UMCUtrecht/Documenten/PhD%20Documents/Projecten/SlideToolkit/Cellprofiler/CD34%20LRP%20pipeline%20-%20done/test/AE5.T02-6890.CD34.X4000.Y4000.normalized.tile.tissue.png,0,AE5,nan,CD34,0,T02-6890,X4000,Y4000,927.3170731707318,1963.6707317073171,0,156,434
1,157,nan,file:/Users/tpeters4/Library/CloudStorage/OneDrive-UMCUtrecht/Documenten/PhD%20Documents/Projecten/SlideToolkit/Cellprofiler/CD34%20LRP%20pipeline%20-%20done/test/AE5.T02-6890.CD34.X4000.Y4000.normalized.tile.tissue.png,0,AE5,nan,CD34,0,T02-6890,X4000,Y4000,1199.2962962962963,1962.9382716049383,0,157,436
1,158,nan,file:/Users/tpeters4/Library/CloudStorage/OneDrive-UMCUtrecht/Documenten/PhD%20Documents/Projecten/SlideToolkit/Cellprofiler/CD34%20LRP%20pipeline%20-%20done/test/AE5.T02-6890.CD34.X4000.Y4000.normalized.tile.tissue.png,0,AE5,nan,CD34,0,T02-6890,X4000,Y4000,1342.4634146341464,1971.2439024390244,0,158,437
1,159,nan,file:/Users/tpeters4/Library/CloudStorage/OneDrive-UMCUtrecht/Documenten/PhD%20Documents/Projecten/SlideToolkit/Cellprofiler/CD34%20LRP%20pipeline%20-%20done/test/AE5.T02-6890.CD34.X4000.Y4000.normalized.tile.tissue.png,0,AE5,nan,CD34,0,T02-6890,X4000,Y4000,1263.1756756756756,1970.3243243243244,0,159,438
1,160,nan,file:/Users/tpeters4/Library/CloudStorage/OneDrive-UMCUtrecht/Documenten/PhD%20Documents/Projecten/SlideToolkit/Cellprofiler/CD34%20LRP%20pipeline%20-%20done/test/AE5.T02-6890.CD34.X4000.Y4000.normalized.tile.tissue.png,0,AE5,nan,CD34,0,T02-6890,X4000,Y4000,1385.3260869565217,1970.5434782608695,0,160,439
1,161,nan,file:/Users/tpeters4/Library/CloudStorage/OneDrive-UMCUtrecht/Documenten/PhD%20Documents/Projecten/SlideToolkit/Cellprofiler/CD34%20LRP%20pipeline%20-%20done/test/AE5.T02-6890.CD34.X4000.Y4000.normalized.tile.tissue.png,0,AE5,nan,CD34,0,T02-6890,X4000,Y4000,726.016393442623,1971.4262295081967,0,161,441
1,162,nan,file:/Users/tpeters4/Library/CloudStorage/OneDrive-UMCUtrecht/Documenten/PhD%20Documents/Projecten/SlideToolkit/Cellprofiler/CD34%20LRP%20pipeline%20-%20done/test/AE5.T02-6890.CD34.X4000.Y4000.normalized.tile.tissue.png,0,AE5,nan,CD34,0,T02-6890,X4000,Y4000,921.9473684210526,1972.3947368421052,0,162,443
1,163,nan,file:/Users/tpeters4/Library/CloudStorage/OneDrive-UMCUtrecht/Documenten/PhD%20Documents/Projecten/SlideToolkit/Cellprofiler/CD34%20LRP%20pipeline%20-%20done/test/AE5.T02-6890.CD34.X4000.Y4000.normalized.tile.tissue.png,0,AE5,nan,CD34,0,T02-6890,X4000,Y4000,99.23636363636363,1978.9818181818182,0,163,447
