ImageNumber,ObjectNumber,Metadata_Date,Metadata_FileLocation,Metadata_Frame,Metadata_NR,Metadata_R_NUMBER,Metadata_STAIN,Metadata_Series,Metadata_T_NUMBER,Metadata_Xcoord,Metadata_Ycoord,Children_HE_Nuclei_Count,Location_Center_X,Location_Center_Y,Location_Center_Z,Number_Object_Number
1,1,nan,file:/Users/tpeters4/Library/CloudStorage/OneDrive-UMCUtrecht/Documenten/PhD%20Documents/Projecten/SlideToolkit/Cellprofiler/CD34%20LRP%20pipeline%20-%20done/test/AE5.T02-6890.CD34.X4000.Y4000.normalized.tile.tissue.png,0,AE5,nan,CD34,0,T02-6890,X4000,Y4000,0,910.9157894736842,232.46315789473684,0,1
1,2,nan,file:/Users/tpeters4/Library/CloudStorage/OneDrive-UMCUtrecht/Documenten/PhD%20Documents/Projecten/SlideToolkit/Cellprofiler/CD34%20LRP%20pipeline%20-%20done/test/AE5.T02-6890.CD34.X4000.Y4000.normalized.tile.tissue.png,0,AE5,nan,CD34,0,T02-6890,X4000,Y4000,0,1479.2716049382716,456.14814814814815,0,2
1,3,nan,file:/Users/tpeters4/Library/CloudStorage/OneDrive-UMCUtrecht/Documenten/PhD%20Documents/Projecten/SlideToolkit/Cellprofiler/CD34%20LRP%20pipeline%20-%20done/test/AE5.T02-6890.CD34.X4000.Y4000.normalized.tile.tissue.png,0,AE5,nan,CD34,0,T02-6890,X4000,Y4000,0,1485.3211009174313,467.2844036697248,0,3
1,4,nan,file:/Users/tpeters4/Library/CloudStorage/OneDrive-UMCUtrecht/Documenten/PhD%20Documents/Projecten/SlideToolkit/Cellprofiler/CD34%20LRP%20pipeline%20-%20done/test/AE5.T02-6890.CD34.X4000.Y4000.normalized.tile.tissue.png,0,AE5,nan,CD34,0,T02-6890,X4000,Y4000,0,1508.639175257732,474.63917525773195,0,4
1,5,nan,file:/Users/tpeters4/Library/CloudStorage/OneDrive-UMCUtrecht/Documenten/PhD%20Documents/Projecten/SlideToolkit/Cellprofiler/CD34%20LRP%20pipeline%20-%20done/test/AE5.T02-6890.CD34.X4000.Y4000.normalized.tile.tissue.png,0,AE5,nan,CD34,0,T02-6890,X4000,Y4000,13,1412.6978328681662,614.2330487604663,0,5
1,6,nan,file:/Users/tpeters4/Library/CloudStorage/OneDrive-UMCUtrecht/Documenten/PhD%20Documents/Projecten/SlideToolkit/Cellprofiler/CD34%20LRP%20pipeline%20-%20done/test/AE5.T02-6890.CD34.X4000.Y4000.normalized.tile.tissue.png,0,AE5,nan,CD34,0,T02-6890,X4000,Y4000,1,1527.871080139373,509.25087108013935,0,6
1,7,nan,file:/Users/tpeters4/Library/CloudStorage/OneDrive-UMCUtrecht/Documenten/PhD%20Documents/Projecten/SlideToolkit/Cellprofiler/CD34%20LRP%20pipeline%20-%20done/test/AE5.T02-6890.CD34.X4000.Y4000.normalized.tile.tissue.png,0,AE5,nan,CD34,0,T02-6890,X4000,Y4000,0,1619.0324675324675,526.9415584415584,0,7
1,8,nan,file:/Users/tpeters4/Library/CloudStorage/OneDrive-UMCUtrecht/Documenten/PhD%20Documents/Projecten/SlideToolkit/Cellprofiler/CD34%20LRP%20pipeline%20-%20done/test/AE5.T02-6890.CD34.X4000.Y4000.normalized.tile.tissue.png,0,AE5,nan,CD34,0,T02-6890,X4000,Y4000,1,1376.812101910828,584.0414012738853,0,8
1,9,nan,file:/Users/tpeters4/Library/CloudStorage/OneDrive-UMCUtrecht/Documenten/PhD%20Documents/Projecten/SlideToolkit/Cellprofiler/CD34%20LRP%20pipeline%20-%20done/test/AE5.T02-6890.CD34.X4000.Y4000.normalized.tile.tissue.png,0,AE5,nan,CD34,0,T02-6890,X4000,Y4000,2,1496.7314259344716,613.8347946469773,0,9
1,10,nan,file:/Users/tpeters4/Library/CloudStorage/OneDrive-UMCUtrecht/Documenten/PhD%20Documents/Projecten/SlideToolkit/Cellprofiler/CD34%20LRP%20pipeline%20-%20done/test/AE5.T02-6890.CD34.X4000.Y4000.normalized.tile.tissue.png,0,AE5,nan,CD34,0,T02-6890,X4000,Y4000,0,101.42342342342343,579.6756756756756,0,10
1,11,nan,file:/Users/tpeters4/Library/CloudStorage/OneDrive-UMCUtrecht/Documenten/PhD%20Documents/Projecten/SlideToolkit/Cellprofiler/CD34%20LRP%20pipeline%20-%20done/test/AE5.T02-6890.CD34.X4000.Y4000.normalized.tile.tissue.png,0,AE5,nan,CD34,0,T02-6890,X4000,Y4000,0,90.80208333333333,600.7083333333334,0,11
1,12,nan,file:/Users/tpeters4/Library/CloudStorage/OneDrive-UMCUtrecht/Documenten/PhD%20Documents/Projecten/SlideToolkit/Cellprofiler/CD34%20LRP%20pipeline%20-%20done/test/AE5.T02-6890.CD34.X4000.Y4000.normalized.tile.tissue.png,0,AE5,nan,CD34,0,T02-6890,X4000,Y4000,0,65.55135135135136,616.1513513513513,0,12
1,13,nan,file:/Users/tpeters4/Library/CloudStorage/OneDrive-UMCUtrecht/Documenten/PhD%20Documents/Projecten/SlideToolkit/Cellprofiler/CD34%20LRP%20pipeline%20-%20done/test/AE5.T02-6890.CD34.X4000.Y4000.normalized.tile.tissue.png,0,AE5,nan,CD34,0,T02-6890,X4000,Y4000,0,18.966542750929367,616.8401486988847,0,13
1,14,nan,file:/Users/tpeters4/Library/CloudStorage/OneDrive-UMCUtrecht/Documenten/PhD%20Documents/Projecten/SlideToolkit/Cellprofiler/CD34%20LRP%20pipeline%20-%20done/test/AE5.T02-6890.CD34.X4000.Y4000.normalized.tile.tissue.png,0,AE5,nan,CD34,0,T02-6890,X4000,Y4000,2,1441.4696132596684,703.889502762431,0,14
1,15,nan,file:/Users/tpeters4/Library/CloudStorage/OneDrive-UMCUtrecht/Documenten/PhD%20Documents/Projecten/SlideToolkit/Cellprofiler/CD34%20LRP%20pipeline%20-%20done/test/AE5.T02-6890.CD34.X4000.Y4000.normalized.tile.tissue.png,0,AE5,nan,CD34,0,T02-6890,X4000,Y4000,1,1344.6241134751774,730.822695035461,0,15
1,16,nan,file:/Users/tpeters4/Library/CloudStorage/OneDrive-UMCUtrecht/Documenten/PhD%20Documents/Projecten/SlideToolkit/Cellprofiler/CD34%20LRP%20pipeline%20-%20done/test/AE5.T02-6890.CD34.X4000.Y4000.normalized.tile.tissue.png,0,AE5,nan,CD34,0,T02-6890,X4000,Y4000,0,1343.1204301075268,771.6344086021505,0,16
1,17,nan,file:/Users/tpeters4/Library/CloudStorage/OneDrive-UMCUtrecht/Documenten/PhD%20Documents/Projecten/SlideToolkit/Cellprofiler/CD34%20LRP%20pipeline%20-%20done/test/AE5.T02-6890.CD34.X4000.Y4000.normalized.tile.tissue.png,0,AE5,nan,CD34,0,T02-6890,X4000,Y4000,0,1425.232,779.704,0,17
1,18,nan,file:/Users/tpeters4/Library/CloudStorage/OneDrive-UMCUtrecht/Documenten/PhD%20Documents/Projecten/SlideToolkit/Cellprofiler/CD34%20LRP%20pipeline%20-%20done/test/AE5.T02-6890.CD34.X4000.Y4000.normalized.tile.tissue.png,0,AE5,nan,CD34,0,T02-6890,X4000,Y4000,0,1660.7739463601533,839.911877394636,0,18
1,19,nan,file:/Users/tpeters4/Library/CloudStorage/OneDrive-UMCUtrecht/Documenten/PhD%20Documents/Projecten/SlideToolkit/Cellprofiler/CD34%20LRP%20pipeline%20-%20done/test/AE5.T02-6890.CD34.X4000.Y4000.normalized.tile.tissue.png,0,AE5,nan,CD34,0,T02-6890,X4000,Y4000,1,1326.5488188976378,903.9685039370079,0,19
1,20,nan,file:/Users/tpeters4/Library/CloudStorage/OneDrive-UMCUtrecht/Documenten/PhD%20Documents/Projecten/SlideToolkit/Cellprofiler/CD34%20LRP%20pipeline%20-%20done/test/AE5.T02-6890.CD34.X4000.Y4000.normalized.tile.tissue.png,0,AE5,nan,CD34,0,T02-6890,X4000,Y4000,0,1646.0828729281768,858.4585635359116,0,20
1,21,nan,file:/Users/tpeters4/Library/CloudStorage/OneDrive-UMCUtrecht/Documenten/PhD%20Documents/Projecten/SlideToolkit/Cellprofiler/CD34%20LRP%20pipeline%20-%20done/test/AE5.T02-6890.CD34.X4000.Y4000.normalized.tile.tissue.png,0,AE5,nan,CD34,0,T02-6890,X4000,Y4000,0,1418.0701754385964,862.9649122807018,0,21
1,22,nan,file:/Users/tpeters4/Library/CloudStorage/OneDrive-UMCUtrecht/Documenten/PhD%20Documents/Projecten/SlideToolkit/Cellprofiler/CD34%20LRP%20pipeline%20-%20done/test/AE5.T02-6890.CD34.X4000.Y4000.normalized.tile.tissue.png,0,AE5,nan,CD34,0,T02-6890,X4000,Y4000,0,1416.6951566951566,910.7037037037037,0,22
1,23,nan,file:/Users/tpeters4/Library/CloudStorage/OneDrive-UMCUtrecht/Documenten/PhD%20Documents/Projecten/SlideToolkit/Cellprofiler/CD34%20LRP%20pipeline%20-%20done/test/AE5.T02-6890.CD34.X4000.Y4000.normalized.tile.tissue.png,0,AE5,nan,CD34,0,T02-6890,X4000,Y4000,0,1614.8859649122808,939.7105263157895,0,23
1,24,nan,file:/Users/tpeters4/Library/CloudStorage/OneDrive-UMCUtrecht/Documenten/PhD%20Documents/Projecten/SlideToolkit/Cellprofiler/CD34%20LRP%20pipeline%20-%20done/test/AE5.T02-6890.CD34.X4000.Y4000.normalized.tile.tissue.png,0,AE5,nan,CD34,0,T02-6890,X4000,Y4000,0,1601.2924528301887,945.0943396226415,0,24
1,25,nan,file:/Users/tpeters4/Library/CloudStorage/OneDrive-UMCUtrecht/Documenten/PhD%20Documents/Projecten/SlideToolkit/Cellprofiler/CD34%20LRP%20pipeline%20-%20done/test/AE5.T02-6890.CD34.X4000.Y4000.normalized.tile.tissue.png,0,AE5,nan,CD34,0,T02-6890,X4000,Y4000,1,1411.50625,954.7375,0,25
1,26,nan,file:/Users/tpeters4/Library/CloudStorage/OneDrive-UMCUtrecht/Documenten/PhD%20Documents/Projecten/SlideToolkit/Cellprofiler/CD34%20LRP%20pipeline%20-%20done/test/AE5.T02-6890.CD34.X4000.Y4000.normalized.tile.tissue.png,0,AE5,nan,CD34,0,T02-6890,X4000,Y4000,1,1142.6344086021506,988.3655913978495,0,26
1,27,nan,file:/Users/tpeters4/Library/CloudStorage/OneDrive-UMCUtrecht/Documenten/PhD%20Documents/Projecten/SlideToolkit/Cellprofiler/CD34%20LRP%20pipeline%20-%20done/test/AE5.T02-6890.CD34.X4000.Y4000.normalized.tile.tissue.png,0,AE5,nan,CD34,0,T02-6890,X4000,Y4000,0,1645.972972972973,1049.3603603603603,0,27
1,28,nan,file:/Users/tpeters4/Library/CloudStorage/OneDrive-UMCUtrecht/Documenten/PhD%20Documents/Projecten/SlideToolkit/Cellprofiler/CD34%20LRP%20pipeline%20-%20done/test/AE5.T02-6890.CD34.X4000.Y4000.normalized.tile.tissue.png,0,AE5,nan,CD34,0,T02-6890,X4000,Y4000,0,1236.1411411411411,1064.6036036036037,0,28
1,29,nan,file:/Users/tpeters4/Library/CloudStorage/OneDrive-UMCUtrecht/Documenten/PhD%20Documents/Projecten/SlideToolkit/Cellprofiler/CD34%20LRP%20pipeline%20-%20done/test/AE5.T02-6890.CD34.X4000.Y4000.normalized.tile.tissue.png,0,AE5,nan,CD34,0,T02-6890,X4000,Y4000,0,1165.1860465116279,1065.5116279069769,0,29
1,30,nan,file:/Users/tpeters4/Library/CloudStorage/OneDrive-UMCUtrecht/Documenten/PhD%20Documents/Projecten/SlideToolkit/Cellprofiler/CD34%20LRP%20pipeline%20-%20done/test/AE5.T02-6890.CD34.X4000.Y4000.normalized.tile.tissue.png,0,AE5,nan,CD34,0,T02-6890,X4000,Y4000,6,1525.379846413186,1204.4006368233752,0,30
1,31,nan,file:/Users/tpeters4/Library/CloudStorage/OneDrive-UMCUtrecht/Documenten/PhD%20Documents/Projecten/SlideToolkit/Cellprofiler/CD34%20LRP%20pipeline%20-%20done/test/AE5.T02-6890.CD34.X4000.Y4000.normalized.tile.tissue.png,0,AE5,nan,CD34,0,T02-6890,X4000,Y4000,0,1226.3312101910828,1086.6369426751592,0,31
1,32,nan,file:/Users/tpeters4/Library/CloudStorage/OneDrive-UMCUtrecht/Documenten/PhD%20Documents/Projecten/SlideToolkit/Cellprofiler/CD34%20LRP%20pipeline%20-%20done/test/AE5.T02-6890.CD34.X4000.Y4000.normalized.tile.tissue.png,0,AE5,nan,CD34,0,T02-6890,X4000,Y4000,0,1191.2310924369747,1116.7408963585435,0,32
1,33,nan,file:/Users/tpeters4/Library/CloudStorage/OneDrive-UMCUtrecht/Documenten/PhD%20Documents/Projecten/SlideToolkit/Cellprofiler/CD34%20LRP%20pipeline%20-%20done/test/AE5.T02-6890.CD34.X4000.Y4000.normalized.tile.tissue.png,0,AE5,nan,CD34,0,T02-6890,X4000,Y4000,0,1444.1627906976744,1093.3255813953488,0,33
1,34,nan,file:/Users/tpeters4/Library/CloudStorage/OneDrive-UMCUtrecht/Documenten/PhD%20Documents/Projecten/SlideToolkit/Cellprofiler/CD34%20LRP%20pipeline%20-%20done/test/AE5.T02-6890.CD34.X4000.Y4000.normalized.tile.tissue.png,0,AE5,nan,CD34,0,T02-6890,X4000,Y4000,0,1714.0072289156626,1118.0722891566265,0,34
1,35,nan,file:/Users/tpeters4/Library/CloudStorage/OneDrive-UMCUtrecht/Documenten/PhD%20Documents/Projecten/SlideToolkit/Cellprofiler/CD34%20LRP%20pipeline%20-%20done/test/AE5.T02-6890.CD34.X4000.Y4000.normalized.tile.tissue.png,0,AE5,nan,CD34,0,T02-6890,X4000,Y4000,0,1165.3095238095239,1140.3690476190477,0,35
1,36,nan,file:/Users/tpeters4/Library/CloudStorage/OneDrive-UMCUtrecht/Documenten/PhD%20Documents/Projecten/SlideToolkit/Cellprofiler/CD34%20LRP%20pipeline%20-%20done/test/AE5.T02-6890.CD34.X4000.Y4000.normalized.tile.tissue.png,0,AE5,nan,CD34,0,T02-6890,X4000,Y4000,1,1381.2446808510638,1157.377659574468,0,36
1,37,nan,file:/Users/tpeters4/Library/CloudStorage/OneDrive-UMCUtrecht/Documenten/PhD%20Documents/Projecten/SlideToolkit/Cellprofiler/CD34%20LRP%20pipeline%20-%20done/test/AE5.T02-6890.CD34.X4000.Y4000.normalized.tile.tissue.png,0,AE5,nan,CD34,0,T02-6890,X4000,Y4000,0,1061.5606299212598,1181.4582677165354,0,37
1,38,nan,file:/Users/tpeters4/Library/CloudStorage/OneDrive-UMCUtrecht/Documenten/PhD%20Documents/Projecten/SlideToolkit/Cellprofiler/CD34%20LRP%20pipeline%20-%20done/test/AE5.T02-6890.CD34.X4000.Y4000.normalized.tile.tissue.png,0,AE5,nan,CD34,0,T02-6890,X4000,Y4000,1,1457.4982698961937,1189.9688581314879,0,38
1,39,nan,file:/Users/tpeters4/Library/CloudStorage/OneDrive-UMCUtrecht/Documenten/PhD%20Documents/Projecten/SlideToolkit/Cellprofiler/CD34%20LRP%20pipeline%20-%20done/test/AE5.T02-6890.CD34.X4000.Y4000.normalized.tile.tissue.png,0,AE5,nan,CD34,0,T02-6890,X4000,Y4000,0,1705.7131782945737,1207.8320413436693,0,39
1,40,nan,file:/Users/tpeters4/Library/CloudStorage/OneDrive-UMCUtrecht/Documenten/PhD%20Documents/Projecten/SlideToolkit/Cellprofiler/CD34%20LRP%20pipeline%20-%20done/test/AE5.T02-6890.CD34.X4000.Y4000.normalized.tile.tissue.png,0,AE5,nan,CD34,0,T02-6890,X4000,Y4000,3,1119.4955312810328,1227.669314796425,0,40
1,41,nan,file:/Users/tpeters4/Library/CloudStorage/OneDrive-UMCUtrecht/Documenten/PhD%20Documents/Projecten/SlideToolkit/Cellprofiler/CD34%20LRP%20pipeline%20-%20done/test/AE5.T02-6890.CD34.X4000.Y4000.normalized.tile.tissue.png,0,AE5,nan,CD34,0,T02-6890,X4000,Y4000,0,1015.3891509433962,1231.323113207547,0,41
1,42,nan,file:/Users/tpeters4/Library/CloudStorage/OneDrive-UMCUtrecht/Documenten/PhD%20Documents/Projecten/SlideToolkit/Cellprofiler/CD34%20LRP%20pipeline%20-%20done/test/AE5.T02-6890.CD34.X4000.Y4000.normalized.tile.tissue.png,0,AE5,nan,CD34,0,T02-6890,X4000,Y4000,1,957.3870967741935,1248.491935483871,0,42
1,43,nan,file:/Users/tpeters4/Library/CloudStorage/OneDrive-UMCUtrecht/Documenten/PhD%20Documents/Projecten/SlideToolkit/Cellprofiler/CD34%20LRP%20pipeline%20-%20done/test/AE5.T02-6890.CD34.X4000.Y4000.normalized.tile.tissue.png,0,AE5,nan,CD34,0,T02-6890,X4000,Y4000,0,1251.7530864197531,1246.0246913580247,0,43
1,44,nan,file:/Users/tpeters4/Library/CloudStorage/OneDrive-UMCUtrecht/Documenten/PhD%20Documents/Projecten/SlideToolkit/Cellprofiler/CD34%20LRP%20pipeline%20-%20done/test/AE5.T02-6890.CD34.X4000.Y4000.normalized.tile.tissue.png,0,AE5,nan,CD34,0,T02-6890,X4000,Y4000,0,1443.1759259259259,1248.9259259259259,0,44
1,45,nan,file:/Users/tpeters4/Library/CloudStorage/OneDrive-UMCUtrecht/Documenten/PhD%20Documents/Projecten/SlideToolkit/Cellprofiler/CD34%20LRP%20pipeline%20-%20done/test/AE5.T02-6890.CD34.X4000.Y4000.normalized.tile.tissue.png,0,AE5,nan,CD34,0,T02-6890,X4000,Y4000,1,1656.3278911564626,1286.7931972789115,0,45
1,46,nan,file:/Users/tpeters4/Library/CloudStorage/OneDrive-UMCUtrecht/Documenten/PhD%20Documents/Projecten/SlideToolkit/Cellprofiler/CD34%20LRP%20pipeline%20-%20done/test/AE5.T02-6890.CD34.X4000.Y4000.normalized.tile.tissue.png,0,AE5,nan,CD34,0,T02-6890,X4000,Y4000,0,1338.7698412698412,1265.611111111111,0,46
1,47,nan,file:/Users/tpeters4/Library/CloudStorage/OneDrive-UMCUtrecht/Documenten/PhD%20Documents/Projecten/SlideToolkit/Cellprofiler/CD34%20LRP%20pipeline%20-%20done/test/AE5.T02-6890.CD34.X4000.Y4000.normalized.tile.tissue.png,0,AE5,nan,CD34,0,T02-6890,X4000,Y4000,0,1361.3663366336634,1266.6831683168316,0,47
1,48,nan,file:/Users/tpeters4/Library/CloudStorage/OneDrive-UMCUtrecht/Documenten/PhD%20Documents/Projecten/SlideToolkit/Cellprofiler/CD34%20LRP%20pipeline%20-%20done/test/AE5.T02-6890.CD34.X4000.Y4000.normalized.tile.tissue.png,0,AE5,nan,CD34,0,T02-6890,X4000,Y4000,0,1532.6190476190477,1271.5119047619048,0,48
1,49,nan,file:/Users/tpeters4/Library/CloudStorage/OneDrive-UMCUtrecht/Documenten/PhD%20Documents/Projecten/SlideToolkit/Cellprofiler/CD34%20LRP%20pipeline%20-%20done/test/AE5.T02-6890.CD34.X4000.Y4000.normalized.tile.tissue.png,0,AE5,nan,CD34,0,T02-6890,X4000,Y4000,0,1564.0382165605095,1275.3312101910828,0,49
1,50,nan,file:/Users/tpeters4/Library/CloudStorage/OneDrive-UMCUtrecht/Documenten/PhD%20Documents/Projecten/SlideToolkit/Cellprofiler/CD34%20LRP%20pipeline%20-%20done/test/AE5.T02-6890.CD34.X4000.Y4000.normalized.tile.tissue.png,0,AE5,nan,CD34,0,T02-6890,X4000,Y4000,0,912.6627218934912,1281.6568047337278,0,50
1,51,nan,file:/Users/tpeters4/Library/CloudStorage/OneDrive-UMCUtrecht/Documenten/PhD%20Documents/Projecten/SlideToolkit/Cellprofiler/CD34%20LRP%20pipeline%20-%20done/test/AE5.T02-6890.CD34.X4000.Y4000.normalized.tile.tissue.png,0,AE5,nan,CD34,0,T02-6890,X4000,Y4000,0,1632.4545454545455,1280.4545454545455,0,51
1,52,nan,file:/Users/tpeters4/Library/CloudStorage/OneDrive-UMCUtrecht/Documenten/PhD%20Documents/Projecten/SlideToolkit/Cellprofiler/CD34%20LRP%20pipeline%20-%20done/test/AE5.T02-6890.CD34.X4000.Y4000.normalized.tile.tissue.png,0,AE5,nan,CD34,0,T02-6890,X4000,Y4000,0,1366.175,1295.72,0,52
1,53,nan,file:/Users/tpeters4/Library/CloudStorage/OneDrive-UMCUtrecht/Documenten/PhD%20Documents/Projecten/SlideToolkit/Cellprofiler/CD34%20LRP%20pipeline%20-%20done/test/AE5.T02-6890.CD34.X4000.Y4000.normalized.tile.tissue.png,0,AE5,nan,CD34,0,T02-6890,X4000,Y4000,0,1018.6210526315789,1286.621052631579,0,53
1,54,nan,file:/Users/tpeters4/Library/CloudStorage/OneDrive-UMCUtrecht/Documenten/PhD%20Documents/Projecten/SlideToolkit/Cellprofiler/CD34%20LRP%20pipeline%20-%20done/test/AE5.T02-6890.CD34.X4000.Y4000.normalized.tile.tissue.png,0,AE5,nan,CD34,0,T02-6890,X4000,Y4000,1,1179.0210526315789,1293.2842105263157,0,54
1,55,nan,file:/Users/tpeters4/Library/CloudStorage/OneDrive-UMCUtrecht/Documenten/PhD%20Documents/Projecten/SlideToolkit/Cellprofiler/CD34%20LRP%20pipeline%20-%20done/test/AE5.T02-6890.CD34.X4000.Y4000.normalized.tile.tissue.png,0,AE5,nan,CD34,0,T02-6890,X4000,Y4000,0,1070.0240963855422,1293.55421686747,0,55
1,56,nan,file:/Users/tpeters4/Library/CloudStorage/OneDrive-UMCUtrecht/Documenten/PhD%20Documents/Projecten/SlideToolkit/Cellprofiler/CD34%20LRP%20pipeline%20-%20done/test/AE5.T02-6890.CD34.X4000.Y4000.normalized.tile.tissue.png,0,AE5,nan,CD34,0,T02-6890,X4000,Y4000,0,1143.44,1300.8,0,56
1,57,nan,file:/Users/tpeters4/Library/CloudStorage/OneDrive-UMCUtrecht/Documenten/PhD%20Documents/Projecten/SlideToolkit/Cellprofiler/CD34%20LRP%20pipeline%20-%20done/test/AE5.T02-6890.CD34.X4000.Y4000.normalized.tile.tissue.png,0,AE5,nan,CD34,0,T02-6890,X4000,Y4000,0,879.6690647482014,1294.9352517985612,0,57
1,58,nan,file:/Users/tpeters4/Library/CloudStorage/OneDrive-UMCUtrecht/Documenten/PhD%20Documents/Projecten/SlideToolkit/Cellprofiler/CD34%20LRP%20pipeline%20-%20done/test/AE5.T02-6890.CD34.X4000.Y4000.normalized.tile.tissue.png,0,AE5,nan,CD34,0,T02-6890,X4000,Y4000,0,1240.6666666666667,1297.6666666666667,0,58
1,59,nan,file:/Users/tpeters4/Library/CloudStorage/OneDrive-UMCUtrecht/Documenten/PhD%20Documents/Projecten/SlideToolkit/Cellprofiler/CD34%20LRP%20pipeline%20-%20done/test/AE5.T02-6890.CD34.X4000.Y4000.normalized.tile.tissue.png,0,AE5,nan,CD34,0,T02-6890,X4000,Y4000,0,854.3583333333333,1299.2,0,59
1,60,nan,file:/Users/tpeters4/Library/CloudStorage/OneDrive-UMCUtrecht/Documenten/PhD%20Documents/Projecten/SlideToolkit/Cellprofiler/CD34%20LRP%20pipeline%20-%20done/test/AE5.T02-6890.CD34.X4000.Y4000.normalized.tile.tissue.png,0,AE5,nan,CD34,0,T02-6890,X4000,Y4000,1,1137.2767857142858,1327.1964285714287,0,60
1,61,nan,file:/Users/tpeters4/Library/CloudStorage/OneDrive-UMCUtrecht/Documenten/PhD%20Documents/Projecten/SlideToolkit/Cellprofiler/CD34%20LRP%20pipeline%20-%20done/test/AE5.T02-6890.CD34.X4000.Y4000.normalized.tile.tissue.png,0,AE5,nan,CD34,0,T02-6890,X4000,Y4000,0,1386.9304347826087,1325.4695652173914,0,61
1,62,nan,file:/Users/tpeters4/Library/CloudStorage/OneDrive-UMCUtrecht/Documenten/PhD%20Documents/Projecten/SlideToolkit/Cellprofiler/CD34%20LRP%20pipeline%20-%20done/test/AE5.T02-6890.CD34.X4000.Y4000.normalized.tile.tissue.png,0,AE5,nan,CD34,0,T02-6890,X4000,Y4000,0,728.4818181818182,1321.2363636363636,0,62
1,63,nan,file:/Users/tpeters4/Library/CloudStorage/OneDrive-UMCUtrecht/Documenten/PhD%20Documents/Projecten/SlideToolkit/Cellprofiler/CD34%20LRP%20pipeline%20-%20done/test/AE5.T02-6890.CD34.X4000.Y4000.normalized.tile.tissue.png,0,AE5,nan,CD34,0,T02-6890,X4000,Y4000,1,629.704347826087,1336.817391304348,0,63
1,64,nan,file:/Users/tpeters4/Library/CloudStorage/OneDrive-UMCUtrecht/Documenten/PhD%20Documents/Projecten/SlideToolkit/Cellprofiler/CD34%20LRP%20pipeline%20-%20done/test/AE5.T02-6890.CD34.X4000.Y4000.normalized.tile.tissue.png,0,AE5,nan,CD34,0,T02-6890,X4000,Y4000,0,1722.8092105263158,1358.6118421052631,0,64
1,65,nan,file:/Users/tpeters4/Library/CloudStorage/OneDrive-UMCUtrecht/Documenten/PhD%20Documents/Projecten/SlideToolkit/Cellprofiler/CD34%20LRP%20pipeline%20-%20done/test/AE5.T02-6890.CD34.X4000.Y4000.normalized.tile.tissue.png,0,AE5,nan,CD34,0,T02-6890,X4000,Y4000,0,1017.0454545454545,1352.7386363636363,0,65
1,66,nan,file:/Users/tpeters4/Library/CloudStorage/OneDrive-UMCUtrecht/Documenten/PhD%20Documents/Projecten/SlideToolkit/Cellprofiler/CD34%20LRP%20pipeline%20-%20done/test/AE5.T02-6890.CD34.X4000.Y4000.normalized.tile.tissue.png,0,AE5,nan,CD34,0,T02-6890,X4000,Y4000,1,1435.970297029703,1369.7178217821781,0,66
1,67,nan,file:/Users/tpeters4/Library/CloudStorage/OneDrive-UMCUtrecht/Documenten/PhD%20Documents/Projecten/SlideToolkit/Cellprofiler/CD34%20LRP%20pipeline%20-%20done/test/AE5.T02-6890.CD34.X4000.Y4000.normalized.tile.tissue.png,0,AE5,nan,CD34,0,T02-6890,X4000,Y4000,0,1167.4404761904761,1366.857142857143,0,67
1,68,nan,file:/Users/tpeters4/Library/CloudStorage/OneDrive-UMCUtrecht/Documenten/PhD%20Documents/Projecten/SlideToolkit/Cellprofiler/CD34%20LRP%20pipeline%20-%20done/test/AE5.T02-6890.CD34.X4000.Y4000.normalized.tile.tissue.png,0,AE5,nan,CD34,0,T02-6890,X4000,Y4000,0,1711.2211055276382,1387.8643216080402,0,68
1,69,nan,file:/Users/tpeters4/Library/CloudStorage/OneDrive-UMCUtrecht/Documenten/PhD%20Documents/Projecten/SlideToolkit/Cellprofiler/CD34%20LRP%20pipeline%20-%20done/test/AE5.T02-6890.CD34.X4000.Y4000.normalized.tile.tissue.png,0,AE5,nan,CD34,0,T02-6890,X4000,Y4000,0,490.7393483709273,1385.8521303258146,0,69
1,70,nan,file:/Users/tpeters4/Library/CloudStorage/OneDrive-UMCUtrecht/Documenten/PhD%20Documents/Projecten/SlideToolkit/Cellprofiler/CD34%20LRP%20pipeline%20-%20done/test/AE5.T02-6890.CD34.X4000.Y4000.normalized.tile.tissue.png,0,AE5,nan,CD34,0,T02-6890,X4000,Y4000,1,532.5864297253635,1396.5088852988692,0,70
1,71,nan,file:/Users/tpeters4/Library/CloudStorage/OneDrive-UMCUtrecht/Documenten/PhD%20Documents/Projecten/SlideToolkit/Cellprofiler/CD34%20LRP%20pipeline%20-%20done/test/AE5.T02-6890.CD34.X4000.Y4000.normalized.tile.tissue.png,0,AE5,nan,CD34,0,T02-6890,X4000,Y4000,0,787.1,1383.1181818181817,0,71
1,72,nan,file:/Users/tpeters4/Library/CloudStorage/OneDrive-UMCUtrecht/Documenten/PhD%20Documents/Projecten/SlideToolkit/Cellprofiler/CD34%20LRP%20pipeline%20-%20done/test/AE5.T02-6890.CD34.X4000.Y4000.normalized.tile.tissue.png,0,AE5,nan,CD34,0,T02-6890,X4000,Y4000,1,1140.7439024390244,1386.6463414634147,0,72
1,73,nan,file:/Users/tpeters4/Library/CloudStorage/OneDrive-UMCUtrecht/Documenten/PhD%20Documents/Projecten/SlideToolkit/Cellprofiler/CD34%20LRP%20pipeline%20-%20done/test/AE5.T02-6890.CD34.X4000.Y4000.normalized.tile.tissue.png,0,AE5,nan,CD34,0,T02-6890,X4000,Y4000,0,693.0219718309859,1408.1459154929578,0,73
1,74,nan,file:/Users/tpeters4/Library/CloudStorage/OneDrive-UMCUtrecht/Documenten/PhD%20Documents/Projecten/SlideToolkit/Cellprofiler/CD34%20LRP%20pipeline%20-%20done/test/AE5.T02-6890.CD34.X4000.Y4000.normalized.tile.tissue.png,0,AE5,nan,CD34,0,T02-6890,X4000,Y4000,0,1649.806179775281,1405.258426966292,0,74
1,75,nan,file:/Users/tpeters4/Library/CloudStorage/OneDrive-UMCUtrecht/Documenten/PhD%20Documents/Projecten/SlideToolkit/Cellprofiler/CD34%20LRP%20pipeline%20-%20done/test/AE5.T02-6890.CD34.X4000.Y4000.normalized.tile.tissue.png,0,AE5,nan,CD34,0,T02-6890,X4000,Y4000,2,1299.97212543554,1405.2003484320558,0,75
1,76,nan,file:/Users/tpeters4/Library/CloudStorage/OneDrive-UMCUtrecht/Documenten/PhD%20Documents/Projecten/SlideToolkit/Cellprofiler/CD34%20LRP%20pipeline%20-%20done/test/AE5.T02-6890.CD34.X4000.Y4000.normalized.tile.tissue.png,0,AE5,nan,CD34,0,T02-6890,X4000,Y4000,0,783.9879518072289,1398.566265060241,0,76
1,77,nan,file:/Users/tpeters4/Library/CloudStorage/OneDrive-UMCUtrecht/Documenten/PhD%20Documents/Projecten/SlideToolkit/Cellprofiler/CD34%20LRP%20pipeline%20-%20done/test/AE5.T02-6890.CD34.X4000.Y4000.normalized.tile.tissue.png,0,AE5,nan,CD34,0,T02-6890,X4000,Y4000,1,1609.5431034482758,1409.5775862068965,0,77
1,78,nan,file:/Users/tpeters4/Library/CloudStorage/OneDrive-UMCUtrecht/Documenten/PhD%20Documents/Projecten/SlideToolkit/Cellprofiler/CD34%20LRP%20pipeline%20-%20done/test/AE5.T02-6890.CD34.X4000.Y4000.normalized.tile.tissue.png,0,AE5,nan,CD34,0,T02-6890,X4000,Y4000,0,1740.3135135135135,1419.7567567567567,0,78
1,79,nan,file:/Users/tpeters4/Library/CloudStorage/OneDrive-UMCUtrecht/Documenten/PhD%20Documents/Projecten/SlideToolkit/Cellprofiler/CD34%20LRP%20pipeline%20-%20done/test/AE5.T02-6890.CD34.X4000.Y4000.normalized.tile.tissue.png,0,AE5,nan,CD34,0,T02-6890,X4000,Y4000,0,913.42700729927,1434.1897810218977,0,79
1,80,nan,file:/Users/tpeters4/Library/CloudStorage/OneDrive-UMCUtrecht/Documenten/PhD%20Documents/Projecten/SlideToolkit/Cellprofiler/CD34%20LRP%20pipeline%20-%20done/test/AE5.T02-6890.CD34.X4000.Y4000.normalized.tile.tissue.png,0,AE5,nan,CD34,0,T02-6890,X4000,Y4000,1,1675.1938775510205,1433.6020408163265,0,80
1,81,nan,file:/Users/tpeters4/Library/CloudStorage/OneDrive-UMCUtrecht/Documenten/PhD%20Documents/Projecten/SlideToolkit/Cellprofiler/CD34%20LRP%20pipeline%20-%20done/test/AE5.T02-6890.CD34.X4000.Y4000.normalized.tile.tissue.png,0,AE5,nan,CD34,0,T02-6890,X4000,Y4000,0,746.2823529411764,1438.7176470588236,0,81
1,82,nan,file:/Users/tpeters4/Library/CloudStorage/OneDrive-UMCUtrecht/Documenten/PhD%20Documents/Projecten/SlideToolkit/Cellprofiler/CD34%20LRP%20pipeline%20-%20done/test/AE5.T02-6890.CD34.X4000.Y4000.normalized.tile.tissue.png,0,AE5,nan,CD34,0,T02-6890,X4000,Y4000,0,613.6647058823529,1437.7588235294118,0,82
1,83,nan,file:/Users/tpeters4/Library/CloudStorage/OneDrive-UMCUtrecht/Documenten/PhD%20Documents/Projecten/SlideToolkit/Cellprofiler/CD34%20LRP%20pipeline%20-%20done/test/AE5.T02-6890.CD34.X4000.Y4000.normalized.tile.tissue.png,0,AE5,nan,CD34,0,T02-6890,X4000,Y4000,1,1328.2275204359673,1472.8392370572208,0,83
1,84,nan,file:/Users/tpeters4/Library/CloudStorage/OneDrive-UMCUtrecht/Documenten/PhD%20Documents/Projecten/SlideToolkit/Cellprofiler/CD34%20LRP%20pipeline%20-%20done/test/AE5.T02-6890.CD34.X4000.Y4000.normalized.tile.tissue.png,0,AE5,nan,CD34,0,T02-6890,X4000,Y4000,0,950.5544554455446,1442.6732673267327,0,84
1,85,nan,file:/Users/tpeters4/Library/CloudStorage/OneDrive-UMCUtrecht/Documenten/PhD%20Documents/Projecten/SlideToolkit/Cellprofiler/CD34%20LRP%20pipeline%20-%20done/test/AE5.T02-6890.CD34.X4000.Y4000.normalized.tile.tissue.png,0,AE5,nan,CD34,0,T02-6890,X4000,Y4000,0,1277.2560975609756,1438.3536585365853,0,85
1,86,nan,file:/Users/tpeters4/Library/CloudStorage/OneDrive-UMCUtrecht/Documenten/PhD%20Documents/Projecten/SlideToolkit/Cellprofiler/CD34%20LRP%20pipeline%20-%20done/test/AE5.T02-6890.CD34.X4000.Y4000.normalized.tile.tissue.png,0,AE5,nan,CD34,0,T02-6890,X4000,Y4000,0,1187.7929515418502,1445.5726872246696,0,86
1,87,nan,file:/Users/tpeters4/Library/CloudStorage/OneDrive-UMCUtrecht/Documenten/PhD%20Documents/Projecten/SlideToolkit/Cellprofiler/CD34%20LRP%20pipeline%20-%20done/test/AE5.T02-6890.CD34.X4000.Y4000.normalized.tile.tissue.png,0,AE5,nan,CD34,0,T02-6890,X4000,Y4000,0,1689.6875,1451.5625,0,87
1,88,nan,file:/Users/tpeters4/Library/CloudStorage/OneDrive-UMCUtrecht/Documenten/PhD%20Documents/Projecten/SlideToolkit/Cellprofiler/CD34%20LRP%20pipeline%20-%20done/test/AE5.T02-6890.CD34.X4000.Y4000.normalized.tile.tissue.png,0,AE5,nan,CD34,0,T02-6890,X4000,Y4000,0,1750.1037037037038,1460.3333333333333,0,88
1,89,nan,file:/Users/tpeters4/Library/CloudStorage/OneDrive-UMCUtrecht/Documenten/PhD%20Documents/Projecten/SlideToolkit/Cellprofiler/CD34%20LRP%20pipeline%20-%20done/test/AE5.T02-6890.CD34.X4000.Y4000.normalized.tile.tissue.png,0,AE5,nan,CD34,0,T02-6890,X4000,Y4000,1,1588.4277456647399,1473.35838150289,0,89
1,90,nan,file:/Users/tpeters4/Library/CloudStorage/OneDrive-UMCUtrecht/Documenten/PhD%20Documents/Projecten/SlideToolkit/Cellprofiler/CD34%20LRP%20pipeline%20-%20done/test/AE5.T02-6890.CD34.X4000.Y4000.normalized.tile.tissue.png,0,AE5,nan,CD34,0,T02-6890,X4000,Y4000,1,833.9166666666666,1478.7916666666667,0,90
1,91,nan,file:/Users/tpeters4/Library/CloudStorage/OneDrive-UMCUtrecht/Documenten/PhD%20Documents/Projecten/SlideToolkit/Cellprofiler/CD34%20LRP%20pipeline%20-%20done/test/AE5.T02-6890.CD34.X4000.Y4000.normalized.tile.tissue.png,0,AE5,nan,CD34,0,T02-6890,X4000,Y4000,0,1604.0,1486.2666666666667,0,91
1,92,nan,file:/Users/tpeters4/Library/CloudStorage/OneDrive-UMCUtrecht/Documenten/PhD%20Documents/Projecten/SlideToolkit/Cellprofiler/CD34%20LRP%20pipeline%20-%20done/test/AE5.T02-6890.CD34.X4000.Y4000.normalized.tile.tissue.png,0,AE5,nan,CD34,0,T02-6890,X4000,Y4000,0,904.4041095890411,1495.8390410958905,0,92
1,93,nan,file:/Users/tpeters4/Library/CloudStorage/OneDrive-UMCUtrecht/Documenten/PhD%20Documents/Projecten/SlideToolkit/Cellprofiler/CD34%20LRP%20pipeline%20-%20done/test/AE5.T02-6890.CD34.X4000.Y4000.normalized.tile.tissue.png,0,AE5,nan,CD34,0,T02-6890,X4000,Y4000,1,1308.8969072164948,1490.6701030927834,0,93
1,94,nan,file:/Users/tpeters4/Library/CloudStorage/OneDrive-UMCUtrecht/Documenten/PhD%20Documents/Projecten/SlideToolkit/Cellprofiler/CD34%20LRP%20pipeline%20-%20done/test/AE5.T02-6890.CD34.X4000.Y4000.normalized.tile.tissue.png,0,AE5,nan,CD34,0,T02-6890,X4000,Y4000,1,529.4615384615385,1495.6568047337278,0,94
1,95,nan,file:/Users/tpeters4/Library/CloudStorage/OneDrive-UMCUtrecht/Documenten/PhD%20Documents/Projecten/SlideToolkit/Cellprofiler/CD34%20LRP%20pipeline%20-%20done/test/AE5.T02-6890.CD34.X4000.Y4000.normalized.tile.tissue.png,0,AE5,nan,CD34,0,T02-6890,X4000,Y4000,1,1412.7477832512316,1536.5310344827585,0,95
1,96,nan,file:/Users/tpeters4/Library/CloudStorage/OneDrive-UMCUtrecht/Documenten/PhD%20Documents/Projecten/SlideToolkit/Cellprofiler/CD34%20LRP%20pipeline%20-%20done/test/AE5.T02-6890.CD34.X4000.Y4000.normalized.tile.tissue.png,0,AE5,nan,CD34,0,T02-6890,X4000,Y4000,0,1655.9450171821306,1497.0618556701031,0,96
1,97,nan,file:/Users/tpeters4/Library/CloudStorage/OneDrive-UMCUtrecht/Documenten/PhD%20Documents/Projecten/SlideToolkit/Cellprofiler/CD34%20LRP%20pipeline%20-%20done/test/AE5.T02-6890.CD34.X4000.Y4000.normalized.tile.tissue.png,0,AE5,nan,CD34,0,T02-6890,X4000,Y4000,1,1284.5411764705882,1498.0235294117647,0,97
1,98,nan,file:/Users/tpeters4/Library/CloudStorage/OneDrive-UMCUtrecht/Documenten/PhD%20Documents/Projecten/SlideToolkit/Cellprofiler/CD34%20LRP%20pipeline%20-%20done/test/AE5.T02-6890.CD34.X4000.Y4000.normalized.tile.tissue.png,0,AE5,nan,CD34,0,T02-6890,X4000,Y4000,0,1245.561224489796,1503.9489795918366,0,98
1,99,nan,file:/Users/tpeters4/Library/CloudStorage/OneDrive-UMCUtrecht/Documenten/PhD%20Documents/Projecten/SlideToolkit/Cellprofiler/CD34%20LRP%20pipeline%20-%20done/test/AE5.T02-6890.CD34.X4000.Y4000.normalized.tile.tissue.png,0,AE5,nan,CD34,0,T02-6890,X4000,Y4000,0,1648.8211678832117,1515.3175182481752,0,99
1,100,nan,file:/Users/tpeters4/Library/CloudStorage/OneDrive-UMCUtrecht/Documenten/PhD%20Documents/Projecten/SlideToolkit/Cellprofiler/CD34%20LRP%20pipeline%20-%20done/test/AE5.T02-6890.CD34.X4000.Y4000.normalized.tile.tissue.png,0,AE5,nan,CD34,0,T02-6890,X4000,Y4000,0,238.75,1516.5833333333333,0,100
1,101,nan,file:/Users/tpeters4/Library/CloudStorage/OneDrive-UMCUtrecht/Documenten/PhD%20Documents/Projecten/SlideToolkit/Cellprofiler/CD34%20LRP%20pipeline%20-%20done/test/AE5.T02-6890.CD34.X4000.Y4000.normalized.tile.tissue.png,0,AE5,nan,CD34,0,T02-6890,X4000,Y4000,0,1131.3069306930693,1515.930693069307,0,101
1,102,nan,file:/Users/tpeters4/Library/CloudStorage/OneDrive-UMCUtrecht/Documenten/PhD%20Documents/Projecten/SlideToolkit/Cellprofiler/CD34%20LRP%20pipeline%20-%20done/test/AE5.T02-6890.CD34.X4000.Y4000.normalized.tile.tissue.png,0,AE5,nan,CD34,0,T02-6890,X4000,Y4000,0,1681.248120300752,1515.2406015037593,0,102
1,103,nan,file:/Users/tpeters4/Library/CloudStorage/OneDrive-UMCUtrecht/Documenten/PhD%20Documents/Projecten/SlideToolkit/Cellprofiler/CD34%20LRP%20pipeline%20-%20done/test/AE5.T02-6890.CD34.X4000.Y4000.normalized.tile.tissue.png,0,AE5,nan,CD34,0,T02-6890,X4000,Y4000,0,158.55555555555554,1518.3333333333333,0,103
1,104,nan,file:/Users/tpeters4/Library/CloudStorage/OneDrive-UMCUtrecht/Documenten/PhD%20Documents/Projecten/SlideToolkit/Cellprofiler/CD34%20LRP%20pipeline%20-%20done/test/AE5.T02-6890.CD34.X4000.Y4000.normalized.tile.tissue.png,0,AE5,nan,CD34,0,T02-6890,X4000,Y4000,0,980.1865671641791,1521.2537313432836,0,104
1,105,nan,file:/Users/tpeters4/Library/CloudStorage/OneDrive-UMCUtrecht/Documenten/PhD%20Documents/Projecten/SlideToolkit/Cellprofiler/CD34%20LRP%20pipeline%20-%20done/test/AE5.T02-6890.CD34.X4000.Y4000.normalized.tile.tissue.png,0,AE5,nan,CD34,0,T02-6890,X4000,Y4000,1,1336.3431734317344,1528.3837638376383,0,105
1,106,nan,file:/Users/tpeters4/Library/CloudStorage/OneDrive-UMCUtrecht/Documenten/PhD%20Documents/Projecten/SlideToolkit/Cellprofiler/CD34%20LRP%20pipeline%20-%20done/test/AE5.T02-6890.CD34.X4000.Y4000.normalized.tile.tissue.png,0,AE5,nan,CD34,0,T02-6890,X4000,Y4000,0,179.81159420289856,1531.8357487922706,0,106
1,107,nan,file:/Users/tpeters4/Library/CloudStorage/OneDrive-UMCUtrecht/Documenten/PhD%20Documents/Projecten/SlideToolkit/Cellprofiler/CD34%20LRP%20pipeline%20-%20done/test/AE5.T02-6890.CD34.X4000.Y4000.normalized.tile.tissue.png,0,AE5,nan,CD34,0,T02-6890,X4000,Y4000,0,1666.7444444444445,1528.088888888889,0,107
1,108,nan,file:/Users/tpeters4/Library/CloudStorage/OneDrive-UMCUtrecht/Documenten/PhD%20Documents/Projecten/SlideToolkit/Cellprofiler/CD34%20LRP%20pipeline%20-%20done/test/AE5.T02-6890.CD34.X4000.Y4000.normalized.tile.tissue.png,0,AE5,nan,CD34,0,T02-6890,X4000,Y4000,0,1577.7227722772277,1525.8712871287128,0,108
1,109,nan,file:/Users/tpeters4/Library/CloudStorage/OneDrive-UMCUtrecht/Documenten/PhD%20Documents/Projecten/SlideToolkit/Cellprofiler/CD34%20LRP%20pipeline%20-%20done/test/AE5.T02-6890.CD34.X4000.Y4000.normalized.tile.tissue.png,0,AE5,nan,CD34,0,T02-6890,X4000,Y4000,0,632.3321470937129,1532.9062870699881,0,109
1,110,nan,file:/Users/tpeters4/Library/CloudStorage/OneDrive-UMCUtrecht/Documenten/PhD%20Documents/Projecten/SlideToolkit/Cellprofiler/CD34%20LRP%20pipeline%20-%20done/test/AE5.T02-6890.CD34.X4000.Y4000.normalized.tile.tissue.png,0,AE5,nan,CD34,0,T02-6890,X4000,Y4000,1,1315.7917525773196,1545.1010309278352,0,110
1,111,nan,file:/Users/tpeters4/Library/CloudStorage/OneDrive-UMCUtrecht/Documenten/PhD%20Documents/Projecten/SlideToolkit/Cellprofiler/CD34%20LRP%20pipeline%20-%20done/test/AE5.T02-6890.CD34.X4000.Y4000.normalized.tile.tissue.png,0,AE5,nan,CD34,0,T02-6890,X4000,Y4000,3,1376.003861003861,1535.3552123552124,0,111
1,112,nan,file:/Users/tpeters4/Library/CloudStorage/OneDrive-UMCUtrecht/Documenten/PhD%20Documents/Projecten/SlideToolkit/Cellprofiler/CD34%20LRP%20pipeline%20-%20done/test/AE5.T02-6890.CD34.X4000.Y4000.normalized.tile.tissue.png,0,AE5,nan,CD34,0,T02-6890,X4000,Y4000,3,1567.7506659563132,1569.2429408630794,0,112
1,113,nan,file:/Users/tpeters4/Library/CloudStorage/OneDrive-UMCUtrecht/Documenten/PhD%20Documents/Projecten/SlideToolkit/Cellprofiler/CD34%20LRP%20pipeline%20-%20done/test/AE5.T02-6890.CD34.X4000.Y4000.normalized.tile.tissue.png,0,AE5,nan,CD34,0,T02-6890,X4000,Y4000,1,1639.1191135734073,1540.6675900277007,0,113
1,114,nan,file:/Users/tpeters4/Library/CloudStorage/OneDrive-UMCUtrecht/Documenten/PhD%20Documents/Projecten/SlideToolkit/Cellprofiler/CD34%20LRP%20pipeline%20-%20done/test/AE5.T02-6890.CD34.X4000.Y4000.normalized.tile.tissue.png,0,AE5,nan,CD34,0,T02-6890,X4000,Y4000,0,1013.8905263157894,1540.3515789473684,0,114
1,115,nan,file:/Users/tpeters4/Library/CloudStorage/OneDrive-UMCUtrecht/Documenten/PhD%20Documents/Projecten/SlideToolkit/Cellprofiler/CD34%20LRP%20pipeline%20-%20done/test/AE5.T02-6890.CD34.X4000.Y4000.normalized.tile.tissue.png,0,AE5,nan,CD34,0,T02-6890,X4000,Y4000,1,1473.13,1544.78,0,115
1,116,nan,file:/Users/tpeters4/Library/CloudStorage/OneDrive-UMCUtrecht/Documenten/PhD%20Documents/Projecten/SlideToolkit/Cellprofiler/CD34%20LRP%20pipeline%20-%20done/test/AE5.T02-6890.CD34.X4000.Y4000.normalized.tile.tissue.png,0,AE5,nan,CD34,0,T02-6890,X4000,Y4000,0,1515.3474576271187,1538.2033898305085,0,116
1,117,nan,file:/Users/tpeters4/Library/CloudStorage/OneDrive-UMCUtrecht/Documenten/PhD%20Documents/Projecten/SlideToolkit/Cellprofiler/CD34%20LRP%20pipeline%20-%20done/test/AE5.T02-6890.CD34.X4000.Y4000.normalized.tile.tissue.png,0,AE5,nan,CD34,0,T02-6890,X4000,Y4000,0,971.9145728643216,1543.2914572864322,0,117
1,118,nan,file:/Users/tpeters4/Library/CloudStorage/OneDrive-UMCUtrecht/Documenten/PhD%20Documents/Projecten/SlideToolkit/Cellprofiler/CD34%20LRP%20pipeline%20-%20done/test/AE5.T02-6890.CD34.X4000.Y4000.normalized.tile.tissue.png,0,AE5,nan,CD34,0,T02-6890,X4000,Y4000,0,1237.4574132492114,1558.558359621451,0,118
1,119,nan,file:/Users/tpeters4/Library/CloudStorage/OneDrive-UMCUtrecht/Documenten/PhD%20Documents/Projecten/SlideToolkit/Cellprofiler/CD34%20LRP%20pipeline%20-%20done/test/AE5.T02-6890.CD34.X4000.Y4000.normalized.tile.tissue.png,0,AE5,nan,CD34,0,T02-6890,X4000,Y4000,0,1523.929411764706,1555.4588235294118,0,119
1,120,nan,file:/Users/tpeters4/Library/CloudStorage/OneDrive-UMCUtrecht/Documenten/PhD%20Documents/Projecten/SlideToolkit/Cellprofiler/CD34%20LRP%20pipeline%20-%20done/test/AE5.T02-6890.CD34.X4000.Y4000.normalized.tile.tissue.png,0,AE5,nan,CD34,0,T02-6890,X4000,Y4000,0,1508.375,1560.1931818181818,0,120
1,121,nan,file:/Users/tpeters4/Library/CloudStorage/OneDrive-UMCUtrecht/Documenten/PhD%20Documents/Projecten/SlideToolkit/Cellprofiler/CD34%20LRP%20pipeline%20-%20done/test/AE5.T02-6890.CD34.X4000.Y4000.normalized.tile.tissue.png,0,AE5,nan,CD34,0,T02-6890,X4000,Y4000,0,122.18064516129033,1568.7612903225806,0,121
1,122,nan,file:/Users/tpeters4/Library/CloudStorage/OneDrive-UMCUtrecht/Documenten/PhD%20Documents/Projecten/SlideToolkit/Cellprofiler/CD34%20LRP%20pipeline%20-%20done/test/AE5.T02-6890.CD34.X4000.Y4000.normalized.tile.tissue.png,0,AE5,nan,CD34,0,T02-6890,X4000,Y4000,0,1109.878787878788,1570.1616161616162,0,122
1,123,nan,file:/Users/tpeters4/Library/CloudStorage/OneDrive-UMCUtrecht/Documenten/PhD%20Documents/Projecten/SlideToolkit/Cellprofiler/CD34%20LRP%20pipeline%20-%20done/test/AE5.T02-6890.CD34.X4000.Y4000.normalized.tile.tissue.png,0,AE5,nan,CD34,0,T02-6890,X4000,Y4000,1,1363.7015625,1581.059375,0,123
1,124,nan,file:/Users/tpeters4/Library/CloudStorage/OneDrive-UMCUtrecht/Documenten/PhD%20Documents/Projecten/SlideToolkit/Cellprofiler/CD34%20LRP%20pipeline%20-%20done/test/AE5.T02-6890.CD34.X4000.Y4000.normalized.tile.tissue.png,0,AE5,nan,CD34,0,T02-6890,X4000,Y4000,2,1476.9455445544554,1593.2689768976898,0,124
1,125,nan,file:/Users/tpeters4/Library/CloudStorage/OneDrive-UMCUtrecht/Documenten/PhD%20Documents/Projecten/SlideToolkit/Cellprofiler/CD34%20LRP%20pipeline%20-%20done/test/AE5.T02-6890.CD34.X4000.Y4000.normalized.tile.tissue.png,0,AE5,nan,CD34,0,T02-6890,X4000,Y4000,0,175.34883720930233,1577.1744186046512,0,125
1,126,nan,file:/Users/tpeters4/Library/CloudStorage/OneDrive-UMCUtrecht/Documenten/PhD%20Documents/Projecten/SlideToolkit/Cellprofiler/CD34%20LRP%20pipeline%20-%20done/test/AE5.T02-6890.CD34.X4000.Y4000.normalized.tile.tissue.png,0,AE5,nan,CD34,0,T02-6890,X4000,Y4000,1,530.7244094488188,1576.8582677165355,0,126
1,127,nan,file:/Users/tpeters4/Library/CloudStorage/OneDrive-UMCUtrecht/Documenten/PhD%20Documents/Projecten/SlideToolkit/Cellprofiler/CD34%20LRP%20pipeline%20-%20done/test/AE5.T02-6890.CD34.X4000.Y4000.normalized.tile.tissue.png,0,AE5,nan,CD34,0,T02-6890,X4000,Y4000,0,598.2698113207547,1588.9283018867925,0,127
1,128,nan,file:/Users/tpeters4/Library/CloudStorage/OneDrive-UMCUtrecht/Documenten/PhD%20Documents/Projecten/SlideToolkit/Cellprofiler/CD34%20LRP%20pipeline%20-%20done/test/AE5.T02-6890.CD34.X4000.Y4000.normalized.tile.tissue.png,0,AE5,nan,CD34,0,T02-6890,X4000,Y4000,1,1600.2948717948718,1590.2179487179487,0,128
1,129,nan,file:/Users/tpeters4/Library/CloudStorage/OneDrive-UMCUtrecht/Documenten/PhD%20Documents/Projecten/SlideToolkit/Cellprofiler/CD34%20LRP%20pipeline%20-%20done/test/AE5.T02-6890.CD34.X4000.Y4000.normalized.tile.tissue.png,0,AE5,nan,CD34,0,T02-6890,X4000,Y4000,0,1390.4666666666667,1585.625,0,129
1,130,nan,file:/Users/tpeters4/Library/CloudStorage/OneDrive-UMCUtrecht/Documenten/PhD%20Documents/Projecten/SlideToolkit/Cellprofiler/CD34%20LRP%20pipeline%20-%20done/test/AE5.T02-6890.CD34.X4000.Y4000.normalized.tile.tissue.png,0,AE5,nan,CD34,0,T02-6890,X4000,Y4000,1,1169.6893203883494,1592.6407766990292,0,130
1,131,nan,file:/Users/tpeters4/Library/CloudStorage/OneDrive-UMCUtrecht/Documenten/PhD%20Documents/Projecten/SlideToolkit/Cellprofiler/CD34%20LRP%20pipeline%20-%20done/test/AE5.T02-6890.CD34.X4000.Y4000.normalized.tile.tissue.png,0,AE5,nan,CD34,0,T02-6890,X4000,Y4000,1,825.1375,1592.4,0,131
1,132,nan,file:/Users/tpeters4/Library/CloudStorage/OneDrive-UMCUtrecht/Documenten/PhD%20Documents/Projecten/SlideToolkit/Cellprofiler/CD34%20LRP%20pipeline%20-%20done/test/AE5.T02-6890.CD34.X4000.Y4000.normalized.tile.tissue.png,0,AE5,nan,CD34,0,T02-6890,X4000,Y4000,1,1188.5945945945946,1598.1576576576576,0,132
1,133,nan,file:/Users/tpeters4/Library/CloudStorage/OneDrive-UMCUtrecht/Documenten/PhD%20Documents/Projecten/SlideToolkit/Cellprofiler/CD34%20LRP%20pipeline%20-%20done/test/AE5.T02-6890.CD34.X4000.Y4000.normalized.tile.tissue.png,0,AE5,nan,CD34,0,T02-6890,X4000,Y4000,0,1506.7613636363637,1595.375,0,133
1,134,nan,file:/Users/tpeters4/Library/CloudStorage/OneDrive-UMCUtrecht/Documenten/PhD%20Documents/Projecten/SlideToolkit/Cellprofiler/CD34%20LRP%20pipeline%20-%20done/test/AE5.T02-6890.CD34.X4000.Y4000.normalized.tile.tissue.png,0,AE5,nan,CD34,0,T02-6890,X4000,Y4000,0,1970.313725490196,1595.5588235294117,0,134
1,135,nan,file:/Users/tpeters4/Library/CloudStorage/OneDrive-UMCUtrecht/Documenten/PhD%20Documents/Projecten/SlideToolkit/Cellprofiler/CD34%20LRP%20pipeline%20-%20done/test/AE5.T02-6890.CD34.X4000.Y4000.normalized.tile.tissue.png,0,AE5,nan,CD34,0,T02-6890,X4000,Y4000,0,1216.8795811518326,1610.041884816754,0,135
1,136,nan,file:/Users/tpeters4/Library/CloudStorage/OneDrive-UMCUtrecht/Documenten/PhD%20Documents/Projecten/SlideToolkit/Cellprofiler/CD34%20LRP%20pipeline%20-%20done/test/AE5.T02-6890.CD34.X4000.Y4000.normalized.tile.tissue.png,0,AE5,nan,CD34,0,T02-6890,X4000,Y4000,0,1139.7323943661972,1604.3239436619717,0,136
1,137,nan,file:/Users/tpeters4/Library/CloudStorage/OneDrive-UMCUtrecht/Documenten/PhD%20Documents/Projecten/SlideToolkit/Cellprofiler/CD34%20LRP%20pipeline%20-%20done/test/AE5.T02-6890.CD34.X4000.Y4000.normalized.tile.tissue.png,0,AE5,nan,CD34,0,T02-6890,X4000,Y4000,0,1442.5591397849462,1611.0752688172042,0,137
1,138,nan,file:/Users/tpeters4/Library/CloudStorage/OneDrive-UMCUtrecht/Documenten/PhD%20Documents/Projecten/SlideToolkit/Cellprofiler/CD34%20LRP%20pipeline%20-%20done/test/AE5.T02-6890.CD34.X4000.Y4000.normalized.tile.tissue.png,0,AE5,nan,CD34,0,T02-6890,X4000,Y4000,0,128.11560693641619,1611.7514450867052,0,138
1,139,nan,file:/Users/tpeters4/Library/CloudStorage/OneDrive-UMCUtrecht/Documenten/PhD%20Documents/Projecten/SlideToolkit/Cellprofiler/CD34%20LRP%20pipeline%20-%20done/test/AE5.T02-6890.CD34.X4000.Y4000.normalized.tile.tissue.png,0,AE5,nan,CD34,0,T02-6890,X4000,Y4000,2,66.40363636363637,1617.9818181818182,0,139
1,140,nan,file:/Users/tpeters4/Library/CloudStorage/OneDrive-UMCUtrecht/Documenten/PhD%20Documents/Projecten/SlideToolkit/Cellprofiler/CD34%20LRP%20pipeline%20-%20done/test/AE5.T02-6890.CD34.X4000.Y4000.normalized.tile.tissue.png,0,AE5,nan,CD34,0,T02-6890,X4000,Y4000,0,1359.1515151515152,1610.141414141414,0,140
1,141,nan,file:/Users/tpeters4/Library/CloudStorage/OneDrive-UMCUtrecht/Documenten/PhD%20Documents/Projecten/SlideToolkit/Cellprofiler/CD34%20LRP%20pipeline%20-%20done/test/AE5.T02-6890.CD34.X4000.Y4000.normalized.tile.tissue.png,0,AE5,nan,CD34,0,T02-6890,X4000,Y4000,1,722.7003891050583,1609.8015564202335,0,141
1,142,nan,file:/Users/tpeters4/Library/CloudStorage/OneDrive-UMCUtrecht/Documenten/PhD%20Documents/Projecten/SlideToolkit/Cellprofiler/CD34%20LRP%20pipeline%20-%20done/test/AE5.T02-6890.CD34.X4000.Y4000.normalized.tile.tissue.png,0,AE5,nan,CD34,0,T02-6890,X4000,Y4000,0,854.7078313253012,1615.6566265060242,0,142
1,143,nan,file:/Users/tpeters4/Library/CloudStorage/OneDrive-UMCUtrecht/Documenten/PhD%20Documents/Projecten/SlideToolkit/Cellprofiler/CD34%20LRP%20pipeline%20-%20done/test/AE5.T02-6890.CD34.X4000.Y4000.normalized.tile.tissue.png,0,AE5,nan,CD34,0,T02-6890,X4000,Y4000,1,1421.402985074627,1613.5721393034826,0,143
1,144,nan,file:/Users/tpeters4/Library/CloudStorage/OneDrive-UMCUtrecht/Documenten/PhD%20Documents/Projecten/SlideToolkit/Cellprofiler/CD34%20LRP%20pipeline%20-%20done/test/AE5.T02-6890.CD34.X4000.Y4000.normalized.tile.tissue.png,0,AE5,nan,CD34,0,T02-6890,X4000,Y4000,0,519.3408239700375,1618.7116104868915,0,144
1,145,nan,file:/Users/tpeters4/Library/CloudStorage/OneDrive-UMCUtrecht/Documenten/PhD%20Documents/Projecten/SlideToolkit/Cellprofiler/CD34%20LRP%20pipeline%20-%20done/test/AE5.T02-6890.CD34.X4000.Y4000.normalized.tile.tissue.png,0,AE5,nan,CD34,0,T02-6890,X4000,Y4000,2,1387.0701030927835,1623.0742268041238,0,145
1,146,nan,file:/Users/tpeters4/Library/CloudStorage/OneDrive-UMCUtrecht/Documenten/PhD%20Documents/Projecten/SlideToolkit/Cellprofiler/CD34%20LRP%20pipeline%20-%20done/test/AE5.T02-6890.CD34.X4000.Y4000.normalized.tile.tissue.png,0,AE5,nan,CD34,0,T02-6890,X4000,Y4000,0,951.964705882353,1613.6352941176472,0,146
1,147,nan,file:/Users/tpeters4/Library/CloudStorage/OneDrive-UMCUtrecht/Documenten/PhD%20Documents/Projecten/SlideToolkit/Cellprofiler/CD34%20LRP%20pipeline%20-%20done/test/AE5.T02-6890.CD34.X4000.Y4000.normalized.tile.tissue.png,0,AE5,nan,CD34,0,T02-6890,X4000,Y4000,1,1459.1505376344087,1662.516129032258,0,147
1,148,nan,file:/Users/tpeters4/Library/CloudStorage/OneDrive-UMCUtrecht/Documenten/PhD%20Documents/Projecten/SlideToolkit/Cellprofiler/CD34%20LRP%20pipeline%20-%20done/test/AE5.T02-6890.CD34.X4000.Y4000.normalized.tile.tissue.png,0,AE5,nan,CD34,0,T02-6890,X4000,Y4000,2,1699.8492063492063,1644.1944444444443,0,148
1,149,nan,file:/Users/tpeters4/Library/CloudStorage/OneDrive-UMCUtrecht/Documenten/PhD%20Documents/Projecten/SlideToolkit/Cellprofiler/CD34%20LRP%20pipeline%20-%20done/test/AE5.T02-6890.CD34.X4000.Y4000.normalized.tile.tissue.png,0,AE5,nan,CD34,0,T02-6890,X4000,Y4000,1,1286.3316831683169,1628.5940594059407,0,149
1,150,nan,file:/Users/tpeters4/Library/CloudStorage/OneDrive-UMCUtrecht/Documenten/PhD%20Documents/Projecten/SlideToolkit/Cellprofiler/CD34%20LRP%20pipeline%20-%20done/test/AE5.T02-6890.CD34.X4000.Y4000.normalized.tile.tissue.png,0,AE5,nan,CD34,0,T02-6890,X4000,Y4000,0,1524.7852348993288,1635.1879194630872,0,150
1,151,nan,file:/Users/tpeters4/Library/CloudStorage/OneDrive-UMCUtrecht/Documenten/PhD%20Documents/Projecten/SlideToolkit/Cellprofiler/CD34%20LRP%20pipeline%20-%20done/test/AE5.T02-6890.CD34.X4000.Y4000.normalized.tile.tissue.png,0,AE5,nan,CD34,0,T02-6890,X4000,Y4000,0,1324.8333333333333,1632.892857142857,0,151
1,152,nan,file:/Users/tpeters4/Library/CloudStorage/OneDrive-UMCUtrecht/Documenten/PhD%20Documents/Projecten/SlideToolkit/Cellprofiler/CD34%20LRP%20pipeline%20-%20done/test/AE5.T02-6890.CD34.X4000.Y4000.normalized.tile.tissue.png,0,AE5,nan,CD34,0,T02-6890,X4000,Y4000,0,710.7638190954774,1636.5276381909548,0,152
1,153,nan,file:/Users/tpeters4/Library/CloudStorage/OneDrive-UMCUtrecht/Documenten/PhD%20Documents/Projecten/SlideToolkit/Cellprofiler/CD34%20LRP%20pipeline%20-%20done/test/AE5.T02-6890.CD34.X4000.Y4000.normalized.tile.tissue.png,0,AE5,nan,CD34,0,T02-6890,X4000,Y4000,1,541.2594417077175,1665.7282430213465,0,153
1,154,nan,file:/Users/tpeters4/Library/CloudStorage/OneDrive-UMCUtrecht/Documenten/PhD%20Documents/Projecten/SlideToolkit/Cellprofiler/CD34%20LRP%20pipeline%20-%20done/test/AE5.T02-6890.CD34.X4000.Y4000.normalized.tile.tissue.png,0,AE5,nan,CD34,0,T02-6890,X4000,Y4000,0,367.2655601659751,1647.2157676348547,0,154
1,155,nan,file:/Users/tpeters4/Library/CloudStorage/OneDrive-UMCUtrecht/Documenten/PhD%20Documents/Projecten/SlideToolkit/Cellprofiler/CD34%20LRP%20pipeline%20-%20done/test/AE5.T02-6890.CD34.X4000.Y4000.normalized.tile.tissue.png,0,AE5,nan,CD34,0,T02-6890,X4000,Y4000,1,1246.314393939394,1647.5984848484848,0,155
1,156,nan,file:/Users/tpeters4/Library/CloudStorage/OneDrive-UMCUtrecht/Documenten/PhD%20Documents/Projecten/SlideToolkit/Cellprofiler/CD34%20LRP%20pipeline%20-%20done/test/AE5.T02-6890.CD34.X4000.Y4000.normalized.tile.tissue.png,0,AE5,nan,CD34,0,T02-6890,X4000,Y4000,0,817.8378378378378,1643.7364864864865,0,156
1,157,nan,file:/Users/tpeters4/Library/CloudStorage/OneDrive-UMCUtrecht/Documenten/PhD%20Documents/Projecten/SlideToolkit/Cellprofiler/CD34%20LRP%20pipeline%20-%20done/test/AE5.T02-6890.CD34.X4000.Y4000.normalized.tile.tissue.png,0,AE5,nan,CD34,0,T02-6890,X4000,Y4000,0,1394.7931034482758,1645.9913793103449,0,157
1,158,nan,file:/Users/tpeters4/Library/CloudStorage/OneDrive-UMCUtrecht/Documenten/PhD%20Documents/Projecten/SlideToolkit/Cellprofiler/CD34%20LRP%20pipeline%20-%20done/test/AE5.T02-6890.CD34.X4000.Y4000.normalized.tile.tissue.png,0,AE5,nan,CD34,0,T02-6890,X4000,Y4000,1,900.3109243697479,1644.2268907563025,0,158
1,159,nan,file:/Users/tpeters4/Library/CloudStorage/OneDrive-UMCUtrecht/Documenten/PhD%20Documents/Projecten/SlideToolkit/Cellprofiler/CD34%20LRP%20pipeline%20-%20done/test/AE5.T02-6890.CD34.X4000.Y4000.normalized.tile.tissue.png,0,AE5,nan,CD34,0,T02-6890,X4000,Y4000,1,691.4174174174174,1675.2192192192192,0,159
1,160,nan,file:/Users/tpeters4/Library/CloudStorage/OneDrive-UMCUtrecht/Documenten/PhD%20Documents/Projecten/SlideToolkit/Cellprofiler/CD34%20LRP%20pipeline%20-%20done/test/AE5.T02-6890.CD34.X4000.Y4000.normalized.tile.tissue.png,0,AE5,nan,CD34,0,T02-6890,X4000,Y4000,1,861.75,1652.375,0,160
1,161,nan,file:/Users/tpeters4/Library/CloudStorage/OneDrive-UMCUtrecht/Documenten/PhD%20Documents/Projecten/SlideToolkit/Cellprofiler/CD34%20LRP%20pipeline%20-%20done/test/AE5.T02-6890.CD34.X4000.Y4000.normalized.tile.tissue.png,0,AE5,nan,CD34,0,T02-6890,X4000,Y4000,0,1560.107142857143,1649.142857142857,0,161
1,162,nan,file:/Users/tpeters4/Library/CloudStorage/OneDrive-UMCUtrecht/Documenten/PhD%20Documents/Projecten/SlideToolkit/Cellprofiler/CD34%20LRP%20pipeline%20-%20done/test/AE5.T02-6890.CD34.X4000.Y4000.normalized.tile.tissue.png,0,AE5,nan,CD34,0,T02-6890,X4000,Y4000,3,1410.9661590524536,1660.7783417935702,0,162
1,163,nan,file:/Users/tpeters4/Library/CloudStorage/OneDrive-UMCUtrecht/Documenten/PhD%20Documents/Projecten/SlideToolkit/Cellprofiler/CD34%20LRP%20pipeline%20-%20done/test/AE5.T02-6890.CD34.X4000.Y4000.normalized.tile.tissue.png,0,AE5,nan,CD34,0,T02-6890,X4000,Y4000,0,563.4886363636364,1655.6022727272727,0,163
1,164,nan,file:/Users/tpeters4/Library/CloudStorage/OneDrive-UMCUtrecht/Documenten/PhD%20Documents/Projecten/SlideToolkit/Cellprofiler/CD34%20LRP%20pipeline%20-%20done/test/AE5.T02-6890.CD34.X4000.Y4000.normalized.tile.tissue.png,0,AE5,nan,CD34,0,T02-6890,X4000,Y4000,0,1509.3879310344828,1664.6724137931035,0,164
1,165,nan,file:/Users/tpeters4/Library/CloudStorage/OneDrive-UMCUtrecht/Documenten/PhD%20Documents/Projecten/SlideToolkit/Cellprofiler/CD34%20LRP%20pipeline%20-%20done/test/AE5.T02-6890.CD34.X4000.Y4000.normalized.tile.tissue.png,0,AE5,nan,CD34,0,T02-6890,X4000,Y4000,1,569.3414634146342,1672.2621951219512,0,165
1,166,nan,file:/Users/tpeters4/Library/CloudStorage/OneDrive-UMCUtrecht/Documenten/PhD%20Documents/Projecten/SlideToolkit/Cellprofiler/CD34%20LRP%20pipeline%20-%20done/test/AE5.T02-6890.CD34.X4000.Y4000.normalized.tile.tissue.png,0,AE5,nan,CD34,0,T02-6890,X4000,Y4000,1,1343.4681818181818,1670.6454545454546,0,166
1,167,nan,file:/Users/tpeters4/Library/CloudStorage/OneDrive-UMCUtrecht/Documenten/PhD%20Documents/Projecten/SlideToolkit/Cellprofiler/CD34%20LRP%20pipeline%20-%20done/test/AE5.T02-6890.CD34.X4000.Y4000.normalized.tile.tissue.png,0,AE5,nan,CD34,0,T02-6890,X4000,Y4000,1,1563.6037735849056,1674.6698113207547,0,167
1,168,nan,file:/Users/tpeters4/Library/CloudStorage/OneDrive-UMCUtrecht/Documenten/PhD%20Documents/Projecten/SlideToolkit/Cellprofiler/CD34%20LRP%20pipeline%20-%20done/test/AE5.T02-6890.CD34.X4000.Y4000.normalized.tile.tissue.png,0,AE5,nan,CD34,0,T02-6890,X4000,Y4000,1,448.2317073170732,1675.841463414634,0,168
1,169,nan,file:/Users/tpeters4/Library/CloudStorage/OneDrive-UMCUtrecht/Documenten/PhD%20Documents/Projecten/SlideToolkit/Cellprofiler/CD34%20LRP%20pipeline%20-%20done/test/AE5.T02-6890.CD34.X4000.Y4000.normalized.tile.tissue.png,0,AE5,nan,CD34,0,T02-6890,X4000,Y4000,1,1213.8526315789475,1679.4421052631578,0,169
1,170,nan,file:/Users/tpeters4/Library/CloudStorage/OneDrive-UMCUtrecht/Documenten/PhD%20Documents/Projecten/SlideToolkit/Cellprofiler/CD34%20LRP%20pipeline%20-%20done/test/AE5.T02-6890.CD34.X4000.Y4000.normalized.tile.tissue.png,0,AE5,nan,CD34,0,T02-6890,X4000,Y4000,2,460.4829097283085,1698.282208588957,0,170
1,171,nan,file:/Users/tpeters4/Library/CloudStorage/OneDrive-UMCUtrecht/Documenten/PhD%20Documents/Projecten/SlideToolkit/Cellprofiler/CD34%20LRP%20pipeline%20-%20done/test/AE5.T02-6890.CD34.X4000.Y4000.normalized.tile.tissue.png,0,AE5,nan,CD34,0,T02-6890,X4000,Y4000,1,594.3577235772358,1684.378048780488,0,171
1,172,nan,file:/Users/tpeters4/Library/CloudStorage/OneDrive-UMCUtrecht/Documenten/PhD%20Documents/Projecten/SlideToolkit/Cellprofiler/CD34%20LRP%20pipeline%20-%20done/test/AE5.T02-6890.CD34.X4000.Y4000.normalized.tile.tissue.png,0,AE5,nan,CD34,0,T02-6890,X4000,Y4000,1,1343.8308605341247,1705.1859545004945,0,172
1,173,nan,file:/Users/tpeters4/Library/CloudStorage/OneDrive-UMCUtrecht/Documenten/PhD%20Documents/Projecten/SlideToolkit/Cellprofiler/CD34%20LRP%20pipeline%20-%20done/test/AE5.T02-6890.CD34.X4000.Y4000.normalized.tile.tissue.png,0,AE5,nan,CD34,0,T02-6890,X4000,Y4000,1,1472.1157407407406,1721.6280864197531,0,173
1,174,nan,file:/Users/tpeters4/Library/CloudStorage/OneDrive-UMCUtrecht/Documenten/PhD%20Documents/Projecten/SlideToolkit/Cellprofiler/CD34%20LRP%20pipeline%20-%20done/test/AE5.T02-6890.CD34.X4000.Y4000.normalized.tile.tissue.png,0,AE5,nan,CD34,0,T02-6890,X4000,Y4000,0,1575.873417721519,1693.379746835443,0,174
1,175,nan,file:/Users/tpeters4/Library/CloudStorage/OneDrive-UMCUtrecht/Documenten/PhD%20Documents/Projecten/SlideToolkit/Cellprofiler/CD34%20LRP%20pipeline%20-%20done/test/AE5.T02-6890.CD34.X4000.Y4000.normalized.tile.tissue.png,0,AE5,nan,CD34,0,T02-6890,X4000,Y4000,1,1516.3464912280701,1709.8070175438597,0,175
1,176,nan,file:/Users/tpeters4/Library/CloudStorage/OneDrive-UMCUtrecht/Documenten/PhD%20Documents/Projecten/SlideToolkit/Cellprofiler/CD34%20LRP%20pipeline%20-%20done/test/AE5.T02-6890.CD34.X4000.Y4000.normalized.tile.tissue.png,0,AE5,nan,CD34,0,T02-6890,X4000,Y4000,0,641.9166666666666,1723.4375,0,176
1,177,nan,file:/Users/tpeters4/Library/CloudStorage/OneDrive-UMCUtrecht/Documenten/PhD%20Documents/Projecten/SlideToolkit/Cellprofiler/CD34%20LRP%20pipeline%20-%20done/test/AE5.T02-6890.CD34.X4000.Y4000.normalized.tile.tissue.png,0,AE5,nan,CD34,0,T02-6890,X4000,Y4000,1,1508.5927152317881,1731.0662251655629,0,177
1,178,nan,file:/Users/tpeters4/Library/CloudStorage/OneDrive-UMCUtrecht/Documenten/PhD%20Documents/Projecten/SlideToolkit/Cellprofiler/CD34%20LRP%20pipeline%20-%20done/test/AE5.T02-6890.CD34.X4000.Y4000.normalized.tile.tissue.png,0,AE5,nan,CD34,0,T02-6890,X4000,Y4000,1,1274.8181818181818,1742.1776859504132,0,178
1,179,nan,file:/Users/tpeters4/Library/CloudStorage/OneDrive-UMCUtrecht/Documenten/PhD%20Documents/Projecten/SlideToolkit/Cellprofiler/CD34%20LRP%20pipeline%20-%20done/test/AE5.T02-6890.CD34.X4000.Y4000.normalized.tile.tissue.png,0,AE5,nan,CD34,0,T02-6890,X4000,Y4000,1,439.3210884353741,1761.8095238095239,0,179
1,180,nan,file:/Users/tpeters4/Library/CloudStorage/OneDrive-UMCUtrecht/Documenten/PhD%20Documents/Projecten/SlideToolkit/Cellprofiler/CD34%20LRP%20pipeline%20-%20done/test/AE5.T02-6890.CD34.X4000.Y4000.normalized.tile.tissue.png,0,AE5,nan,CD34,0,T02-6890,X4000,Y4000,0,73.40959409594096,1734.6826568265683,0,180
1,181,nan,file:/Users/tpeters4/Library/CloudStorage/OneDrive-UMCUtrecht/Documenten/PhD%20Documents/Projecten/SlideToolkit/Cellprofiler/CD34%20LRP%20pipeline%20-%20done/test/AE5.T02-6890.CD34.X4000.Y4000.normalized.tile.tissue.png,0,AE5,nan,CD34,0,T02-6890,X4000,Y4000,1,1231.7788461538462,1736.9807692307693,0,181
1,182,nan,file:/Users/tpeters4/Library/CloudStorage/OneDrive-UMCUtrecht/Documenten/PhD%20Documents/Projecten/SlideToolkit/Cellprofiler/CD34%20LRP%20pipeline%20-%20done/test/AE5.T02-6890.CD34.X4000.Y4000.normalized.tile.tissue.png,0,AE5,nan,CD34,0,T02-6890,X4000,Y4000,0,524.41875,1738.76875,0,182
1,183,nan,file:/Users/tpeters4/Library/CloudStorage/OneDrive-UMCUtrecht/Documenten/PhD%20Documents/Projecten/SlideToolkit/Cellprofiler/CD34%20LRP%20pipeline%20-%20done/test/AE5.T02-6890.CD34.X4000.Y4000.normalized.tile.tissue.png,0,AE5,nan,CD34,0,T02-6890,X4000,Y4000,2,571.2654761904762,1754.2857142857142,0,183
1,184,nan,file:/Users/tpeters4/Library/CloudStorage/OneDrive-UMCUtrecht/Documenten/PhD%20Documents/Projecten/SlideToolkit/Cellprofiler/CD34%20LRP%20pipeline%20-%20done/test/AE5.T02-6890.CD34.X4000.Y4000.normalized.tile.tissue.png,0,AE5,nan,CD34,0,T02-6890,X4000,Y4000,0,1484.6533333333334,1753.6533333333334,0,184
1,185,nan,file:/Users/tpeters4/Library/CloudStorage/OneDrive-UMCUtrecht/Documenten/PhD%20Documents/Projecten/SlideToolkit/Cellprofiler/CD34%20LRP%20pipeline%20-%20done/test/AE5.T02-6890.CD34.X4000.Y4000.normalized.tile.tissue.png,0,AE5,nan,CD34,0,T02-6890,X4000,Y4000,0,664.9569620253164,1763.4354430379747,0,185
1,186,nan,file:/Users/tpeters4/Library/CloudStorage/OneDrive-UMCUtrecht/Documenten/PhD%20Documents/Projecten/SlideToolkit/Cellprofiler/CD34%20LRP%20pipeline%20-%20done/test/AE5.T02-6890.CD34.X4000.Y4000.normalized.tile.tissue.png,0,AE5,nan,CD34,0,T02-6890,X4000,Y4000,1,115.97449908925319,1769.511839708561,0,186
1,187,nan,file:/Users/tpeters4/Library/CloudStorage/OneDrive-UMCUtrecht/Documenten/PhD%20Documents/Projecten/SlideToolkit/Cellprofiler/CD34%20LRP%20pipeline%20-%20done/test/AE5.T02-6890.CD34.X4000.Y4000.normalized.tile.tissue.png,0,AE5,nan,CD34,0,T02-6890,X4000,Y4000,1,29.200913242009133,1761.5981735159817,0,187
1,188,nan,file:/Users/tpeters4/Library/CloudStorage/OneDrive-UMCUtrecht/Documenten/PhD%20Documents/Projecten/SlideToolkit/Cellprofiler/CD34%20LRP%20pipeline%20-%20done/test/AE5.T02-6890.CD34.X4000.Y4000.normalized.tile.tissue.png,0,AE5,nan,CD34,0,T02-6890,X4000,Y4000,0,604.00826446281,1766.2148760330579,0,188
1,189,nan,file:/Users/tpeters4/Library/CloudStorage/OneDrive-UMCUtrecht/Documenten/PhD%20Documents/Projecten/SlideToolkit/Cellprofiler/CD34%20LRP%20pipeline%20-%20done/test/AE5.T02-6890.CD34.X4000.Y4000.normalized.tile.tissue.png,0,AE5,nan,CD34,0,T02-6890,X4000,Y4000,1,54.963394342762065,1775.5374376039933,0,189
1,190,nan,file:/Users/tpeters4/Library/CloudStorage/OneDrive-UMCUtrecht/Documenten/PhD%20Documents/Projecten/SlideToolkit/Cellprofiler/CD34%20LRP%20pipeline%20-%20done/test/AE5.T02-6890.CD34.X4000.Y4000.normalized.tile.tissue.png,0,AE5,nan,CD34,0,T02-6890,X4000,Y4000,1,1421.775,1770.3375,0,190
1,191,nan,file:/Users/tpeters4/Library/CloudStorage/OneDrive-UMCUtrecht/Documenten/PhD%20Documents/Projecten/SlideToolkit/Cellprofiler/CD34%20LRP%20pipeline%20-%20done/test/AE5.T02-6890.CD34.X4000.Y4000.normalized.tile.tissue.png,0,AE5,nan,CD34,0,T02-6890,X4000,Y4000,0,830.0360360360361,1776.3018018018017,0,191
1,192,nan,file:/Users/tpeters4/Library/CloudStorage/OneDrive-UMCUtrecht/Documenten/PhD%20Documents/Projecten/SlideToolkit/Cellprofiler/CD34%20LRP%20pipeline%20-%20done/test/AE5.T02-6890.CD34.X4000.Y4000.normalized.tile.tissue.png,0,AE5,nan,CD34,0,T02-6890,X4000,Y4000,0,1405.8446601941748,1782.1844660194174,0,192
1,193,nan,file:/Users/tpeters4/Library/CloudStorage/OneDrive-UMCUtrecht/Documenten/PhD%20Documents/Projecten/SlideToolkit/Cellprofiler/CD34%20LRP%20pipeline%20-%20done/test/AE5.T02-6890.CD34.X4000.Y4000.normalized.tile.tissue.png,0,AE5,nan,CD34,0,T02-6890,X4000,Y4000,0,58.87567567567567,1814.2126126126127,0,193
1,194,nan,file:/Users/tpeters4/Library/CloudStorage/OneDrive-UMCUtrecht/Documenten/PhD%20Documents/Projecten/SlideToolkit/Cellprofiler/CD34%20LRP%20pipeline%20-%20done/test/AE5.T02-6890.CD34.X4000.Y4000.normalized.tile.tissue.png,0,AE5,nan,CD34,0,T02-6890,X4000,Y4000,0,1688.3703703703704,1799.8333333333333,0,194
1,195,nan,file:/Users/tpeters4/Library/CloudStorage/OneDrive-UMCUtrecht/Documenten/PhD%20Documents/Projecten/SlideToolkit/Cellprofiler/CD34%20LRP%20pipeline%20-%20done/test/AE5.T02-6890.CD34.X4000.Y4000.normalized.tile.tissue.png,0,AE5,nan,CD34,0,T02-6890,X4000,Y4000,0,291.19191919191917,1800.8636363636363,0,195
1,196,nan,file:/Users/tpeters4/Library/CloudStorage/OneDrive-UMCUtrecht/Documenten/PhD%20Documents/Projecten/SlideToolkit/Cellprofiler/CD34%20LRP%20pipeline%20-%20done/test/AE5.T02-6890.CD34.X4000.Y4000.normalized.tile.tissue.png,0,AE5,nan,CD34,0,T02-6890,X4000,Y4000,0,774.2439024390244,1814.9674796747968,0,196
1,197,nan,file:/Users/tpeters4/Library/CloudStorage/OneDrive-UMCUtrecht/Documenten/PhD%20Documents/Projecten/SlideToolkit/Cellprofiler/CD34%20LRP%20pipeline%20-%20done/test/AE5.T02-6890.CD34.X4000.Y4000.normalized.tile.tissue.png,0,AE5,nan,CD34,0,T02-6890,X4000,Y4000,0,1117.9622641509434,1827.2264150943397,0,197
1,198,nan,file:/Users/tpeters4/Library/CloudStorage/OneDrive-UMCUtrecht/Documenten/PhD%20Documents/Projecten/SlideToolkit/Cellprofiler/CD34%20LRP%20pipeline%20-%20done/test/AE5.T02-6890.CD34.X4000.Y4000.normalized.tile.tissue.png,0,AE5,nan,CD34,0,T02-6890,X4000,Y4000,1,1374.262086513995,1828.0636132315522,0,198
1,199,nan,file:/Users/tpeters4/Library/CloudStorage/OneDrive-UMCUtrecht/Documenten/PhD%20Documents/Projecten/SlideToolkit/Cellprofiler/CD34%20LRP%20pipeline%20-%20done/test/AE5.T02-6890.CD34.X4000.Y4000.normalized.tile.tissue.png,0,AE5,nan,CD34,0,T02-6890,X4000,Y4000,2,59.764354066985646,1842.7260765550238,0,199
1,200,nan,file:/Users/tpeters4/Library/CloudStorage/OneDrive-UMCUtrecht/Documenten/PhD%20Documents/Projecten/SlideToolkit/Cellprofiler/CD34%20LRP%20pipeline%20-%20done/test/AE5.T02-6890.CD34.X4000.Y4000.normalized.tile.tissue.png,0,AE5,nan,CD34,0,T02-6890,X4000,Y4000,2,1004.9283018867925,1835.2490566037736,0,200
1,201,nan,file:/Users/tpeters4/Library/CloudStorage/OneDrive-UMCUtrecht/Documenten/PhD%20Documents/Projecten/SlideToolkit/Cellprofiler/CD34%20LRP%20pipeline%20-%20done/test/AE5.T02-6890.CD34.X4000.Y4000.normalized.tile.tissue.png,0,AE5,nan,CD34,0,T02-6890,X4000,Y4000,0,1082.609375,1839.6796875,0,201
1,202,nan,file:/Users/tpeters4/Library/CloudStorage/OneDrive-UMCUtrecht/Documenten/PhD%20Documents/Projecten/SlideToolkit/Cellprofiler/CD34%20LRP%20pipeline%20-%20done/test/AE5.T02-6890.CD34.X4000.Y4000.normalized.tile.tissue.png,0,AE5,nan,CD34,0,T02-6890,X4000,Y4000,1,1323.7714285714285,1845.395918367347,0,202
1,203,nan,file:/Users/tpeters4/Library/CloudStorage/OneDrive-UMCUtrecht/Documenten/PhD%20Documents/Projecten/SlideToolkit/Cellprofiler/CD34%20LRP%20pipeline%20-%20done/test/AE5.T02-6890.CD34.X4000.Y4000.normalized.tile.tissue.png,0,AE5,nan,CD34,0,T02-6890,X4000,Y4000,1,1419.6020942408377,1841.5340314136126,0,203
1,204,nan,file:/Users/tpeters4/Library/CloudStorage/OneDrive-UMCUtrecht/Documenten/PhD%20Documents/Projecten/SlideToolkit/Cellprofiler/CD34%20LRP%20pipeline%20-%20done/test/AE5.T02-6890.CD34.X4000.Y4000.normalized.tile.tissue.png,0,AE5,nan,CD34,0,T02-6890,X4000,Y4000,0,1035.2333333333333,1837.4888888888888,0,204
1,205,nan,file:/Users/tpeters4/Library/CloudStorage/OneDrive-UMCUtrecht/Documenten/PhD%20Documents/Projecten/SlideToolkit/Cellprofiler/CD34%20LRP%20pipeline%20-%20done/test/AE5.T02-6890.CD34.X4000.Y4000.normalized.tile.tissue.png,0,AE5,nan,CD34,0,T02-6890,X4000,Y4000,0,1266.7226890756303,1839.3193277310925,0,205
1,206,nan,file:/Users/tpeters4/Library/CloudStorage/OneDrive-UMCUtrecht/Documenten/PhD%20Documents/Projecten/SlideToolkit/Cellprofiler/CD34%20LRP%20pipeline%20-%20done/test/AE5.T02-6890.CD34.X4000.Y4000.normalized.tile.tissue.png,0,AE5,nan,CD34,0,T02-6890,X4000,Y4000,0,1138.2,1841.525,0,206
1,207,nan,file:/Users/tpeters4/Library/CloudStorage/OneDrive-UMCUtrecht/Documenten/PhD%20Documents/Projecten/SlideToolkit/Cellprofiler/CD34%20LRP%20pipeline%20-%20done/test/AE5.T02-6890.CD34.X4000.Y4000.normalized.tile.tissue.png,0,AE5,nan,CD34,0,T02-6890,X4000,Y4000,3,1252.5,1864.6358695652175,0,207
1,208,nan,file:/Users/tpeters4/Library/CloudStorage/OneDrive-UMCUtrecht/Documenten/PhD%20Documents/Projecten/SlideToolkit/Cellprofiler/CD34%20LRP%20pipeline%20-%20done/test/AE5.T02-6890.CD34.X4000.Y4000.normalized.tile.tissue.png,0,AE5,nan,CD34,0,T02-6890,X4000,Y4000,1,127.69408740359897,1874.9031705227078,0,208
1,209,nan,file:/Users/tpeters4/Library/CloudStorage/OneDrive-UMCUtrecht/Documenten/PhD%20Documents/Projecten/SlideToolkit/Cellprofiler/CD34%20LRP%20pipeline%20-%20done/test/AE5.T02-6890.CD34.X4000.Y4000.normalized.tile.tissue.png,0,AE5,nan,CD34,0,T02-6890,X4000,Y4000,0,482.9430894308943,1862.4634146341464,0,209
1,210,nan,file:/Users/tpeters4/Library/CloudStorage/OneDrive-UMCUtrecht/Documenten/PhD%20Documents/Projecten/SlideToolkit/Cellprofiler/CD34%20LRP%20pipeline%20-%20done/test/AE5.T02-6890.CD34.X4000.Y4000.normalized.tile.tissue.png,0,AE5,nan,CD34,0,T02-6890,X4000,Y4000,1,1309.4242424242425,1862.3131313131314,0,210
1,211,nan,file:/Users/tpeters4/Library/CloudStorage/OneDrive-UMCUtrecht/Documenten/PhD%20Documents/Projecten/SlideToolkit/Cellprofiler/CD34%20LRP%20pipeline%20-%20done/test/AE5.T02-6890.CD34.X4000.Y4000.normalized.tile.tissue.png,0,AE5,nan,CD34,0,T02-6890,X4000,Y4000,0,482.4349442379182,1881.3048327137546,0,211
1,212,nan,file:/Users/tpeters4/Library/CloudStorage/OneDrive-UMCUtrecht/Documenten/PhD%20Documents/Projecten/SlideToolkit/Cellprofiler/CD34%20LRP%20pipeline%20-%20done/test/AE5.T02-6890.CD34.X4000.Y4000.normalized.tile.tissue.png,0,AE5,nan,CD34,0,T02-6890,X4000,Y4000,0,670.8740740740741,1878.9703703703703,0,212
1,213,nan,file:/Users/tpeters4/Library/CloudStorage/OneDrive-UMCUtrecht/Documenten/PhD%20Documents/Projecten/SlideToolkit/Cellprofiler/CD34%20LRP%20pipeline%20-%20done/test/AE5.T02-6890.CD34.X4000.Y4000.normalized.tile.tissue.png,0,AE5,nan,CD34,0,T02-6890,X4000,Y4000,1,1195.3037974683543,1876.9620253164558,0,213
1,214,nan,file:/Users/tpeters4/Library/CloudStorage/OneDrive-UMCUtrecht/Documenten/PhD%20Documents/Projecten/SlideToolkit/Cellprofiler/CD34%20LRP%20pipeline%20-%20done/test/AE5.T02-6890.CD34.X4000.Y4000.normalized.tile.tissue.png,0,AE5,nan,CD34,0,T02-6890,X4000,Y4000,1,1355.632911392405,1884.620253164557,0,214
1,215,nan,file:/Users/tpeters4/Library/CloudStorage/OneDrive-UMCUtrecht/Documenten/PhD%20Documents/Projecten/SlideToolkit/Cellprofiler/CD34%20LRP%20pipeline%20-%20done/test/AE5.T02-6890.CD34.X4000.Y4000.normalized.tile.tissue.png,0,AE5,nan,CD34,0,T02-6890,X4000,Y4000,1,724.5276073619632,1888.9815950920245,0,215
1,216,nan,file:/Users/tpeters4/Library/CloudStorage/OneDrive-UMCUtrecht/Documenten/PhD%20Documents/Projecten/SlideToolkit/Cellprofiler/CD34%20LRP%20pipeline%20-%20done/test/AE5.T02-6890.CD34.X4000.Y4000.normalized.tile.tissue.png,0,AE5,nan,CD34,0,T02-6890,X4000,Y4000,10,1344.1702233250621,1934.8183622828785,0,216
1,217,nan,file:/Users/tpeters4/Library/CloudStorage/OneDrive-UMCUtrecht/Documenten/PhD%20Documents/Projecten/SlideToolkit/Cellprofiler/CD34%20LRP%20pipeline%20-%20done/test/AE5.T02-6890.CD34.X4000.Y4000.normalized.tile.tissue.png,0,AE5,nan,CD34,0,T02-6890,X4000,Y4000,0,1229.1338582677165,1894.4094488188975,0,217
1,218,nan,file:/Users/tpeters4/Library/CloudStorage/OneDrive-UMCUtrecht/Documenten/PhD%20Documents/Projecten/SlideToolkit/Cellprofiler/CD34%20LRP%20pipeline%20-%20done/test/AE5.T02-6890.CD34.X4000.Y4000.normalized.tile.tissue.png,0,AE5,nan,CD34,0,T02-6890,X4000,Y4000,1,1250.937984496124,1896.7054263565892,0,218
1,219,nan,file:/Users/tpeters4/Library/CloudStorage/OneDrive-UMCUtrecht/Documenten/PhD%20Documents/Projecten/SlideToolkit/Cellprofiler/CD34%20LRP%20pipeline%20-%20done/test/AE5.T02-6890.CD34.X4000.Y4000.normalized.tile.tissue.png,0,AE5,nan,CD34,0,T02-6890,X4000,Y4000,0,688.902752293578,1907.5229357798164,0,219
1,220,nan,file:/Users/tpeters4/Library/CloudStorage/OneDrive-UMCUtrecht/Documenten/PhD%20Documents/Projecten/SlideToolkit/Cellprofiler/CD34%20LRP%20pipeline%20-%20done/test/AE5.T02-6890.CD34.X4000.Y4000.normalized.tile.tissue.png,0,AE5,nan,CD34,0,T02-6890,X4000,Y4000,3,1142.8868312757202,1903.9588477366256,0,220
1,221,nan,file:/Users/tpeters4/Library/CloudStorage/OneDrive-UMCUtrecht/Documenten/PhD%20Documents/Projecten/SlideToolkit/Cellprofiler/CD34%20LRP%20pipeline%20-%20done/test/AE5.T02-6890.CD34.X4000.Y4000.normalized.tile.tissue.png,0,AE5,nan,CD34,0,T02-6890,X4000,Y4000,1,1186.8223039215686,1913.425245098039,0,221
1,222,nan,file:/Users/tpeters4/Library/CloudStorage/OneDrive-UMCUtrecht/Documenten/PhD%20Documents/Projecten/SlideToolkit/Cellprofiler/CD34%20LRP%20pipeline%20-%20done/test/AE5.T02-6890.CD34.X4000.Y4000.normalized.tile.tissue.png,0,AE5,nan,CD34,0,T02-6890,X4000,Y4000,2,1287.3757575757577,1915.930303030303,0,222
1,223,nan,file:/Users/tpeters4/Library/CloudStorage/OneDrive-UMCUtrecht/Documenten/PhD%20Documents/Projecten/SlideToolkit/Cellprofiler/CD34%20LRP%20pipeline%20-%20done/test/AE5.T02-6890.CD34.X4000.Y4000.normalized.tile.tissue.png,0,AE5,nan,CD34,0,T02-6890,X4000,Y4000,1,1362.5503355704698,1913.8926174496644,0,223
1,224,nan,file:/Users/tpeters4/Library/CloudStorage/OneDrive-UMCUtrecht/Documenten/PhD%20Documents/Projecten/SlideToolkit/Cellprofiler/CD34%20LRP%20pipeline%20-%20done/test/AE5.T02-6890.CD34.X4000.Y4000.normalized.tile.tissue.png,0,AE5,nan,CD34,0,T02-6890,X4000,Y4000,0,471.0,1922.087452471483,0,224
1,225,nan,file:/Users/tpeters4/Library/CloudStorage/OneDrive-UMCUtrecht/Documenten/PhD%20Documents/Projecten/SlideToolkit/Cellprofiler/CD34%20LRP%20pipeline%20-%20done/test/AE5.T02-6890.CD34.X4000.Y4000.normalized.tile.tissue.png,0,AE5,nan,CD34,0,T02-6890,X4000,Y4000,0,920.6404494382023,1906.9662921348315,0,225
1,226,nan,file:/Users/tpeters4/Library/CloudStorage/OneDrive-UMCUtrecht/Documenten/PhD%20Documents/Projecten/SlideToolkit/Cellprofiler/CD34%20LRP%20pipeline%20-%20done/test/AE5.T02-6890.CD34.X4000.Y4000.normalized.tile.tissue.png,0,AE5,nan,CD34,0,T02-6890,X4000,Y4000,0,1010.234649122807,1944.607456140351,0,226
1,227,nan,file:/Users/tpeters4/Library/CloudStorage/OneDrive-UMCUtrecht/Documenten/PhD%20Documents/Projecten/SlideToolkit/Cellprofiler/CD34%20LRP%20pipeline%20-%20done/test/AE5.T02-6890.CD34.X4000.Y4000.normalized.tile.tissue.png,0,AE5,nan,CD34,0,T02-6890,X4000,Y4000,0,1069.4554455445545,1921.6336633663366,0,227
1,228,nan,file:/Users/tpeters4/Library/CloudStorage/OneDrive-UMCUtrecht/Documenten/PhD%20Documents/Projecten/SlideToolkit/Cellprofiler/CD34%20LRP%20pipeline%20-%20done/test/AE5.T02-6890.CD34.X4000.Y4000.normalized.tile.tissue.png,0,AE5,nan,CD34,0,T02-6890,X4000,Y4000,0,265.07142857142856,1926.8265306122448,0,228
1,229,nan,file:/Users/tpeters4/Library/CloudStorage/OneDrive-UMCUtrecht/Documenten/PhD%20Documents/Projecten/SlideToolkit/Cellprofiler/CD34%20LRP%20pipeline%20-%20done/test/AE5.T02-6890.CD34.X4000.Y4000.normalized.tile.tissue.png,0,AE5,nan,CD34,0,T02-6890,X4000,Y4000,0,649.7469325153374,1934.9662576687117,0,229
1,230,nan,file:/Users/tpeters4/Library/CloudStorage/OneDrive-UMCUtrecht/Documenten/PhD%20Documents/Projecten/SlideToolkit/Cellprofiler/CD34%20LRP%20pipeline%20-%20done/test/AE5.T02-6890.CD34.X4000.Y4000.normalized.tile.tissue.png,0,AE5,nan,CD34,0,T02-6890,X4000,Y4000,1,381.48335745296674,1931.5499276410999,0,230
1,231,nan,file:/Users/tpeters4/Library/CloudStorage/OneDrive-UMCUtrecht/Documenten/PhD%20Documents/Projecten/SlideToolkit/Cellprofiler/CD34%20LRP%20pipeline%20-%20done/test/AE5.T02-6890.CD34.X4000.Y4000.normalized.tile.tissue.png,0,AE5,nan,CD34,0,T02-6890,X4000,Y4000,1,500.9601593625498,1934.617529880478,0,231
1,232,nan,file:/Users/tpeters4/Library/CloudStorage/OneDrive-UMCUtrecht/Documenten/PhD%20Documents/Projecten/SlideToolkit/Cellprofiler/CD34%20LRP%20pipeline%20-%20done/test/AE5.T02-6890.CD34.X4000.Y4000.normalized.tile.tissue.png,0,AE5,nan,CD34,0,T02-6890,X4000,Y4000,2,812.0227272727273,1936.1,0,232
1,233,nan,file:/Users/tpeters4/Library/CloudStorage/OneDrive-UMCUtrecht/Documenten/PhD%20Documents/Projecten/SlideToolkit/Cellprofiler/CD34%20LRP%20pipeline%20-%20done/test/AE5.T02-6890.CD34.X4000.Y4000.normalized.tile.tissue.png,0,AE5,nan,CD34,0,T02-6890,X4000,Y4000,1,73.00444444444445,1931.66,0,233
1,234,nan,file:/Users/tpeters4/Library/CloudStorage/OneDrive-UMCUtrecht/Documenten/PhD%20Documents/Projecten/SlideToolkit/Cellprofiler/CD34%20LRP%20pipeline%20-%20done/test/AE5.T02-6890.CD34.X4000.Y4000.normalized.tile.tissue.png,0,AE5,nan,CD34,0,T02-6890,X4000,Y4000,0,862.4403183023873,1935.10875331565,0,234
1,235,nan,file:/Users/tpeters4/Library/CloudStorage/OneDrive-UMCUtrecht/Documenten/PhD%20Documents/Projecten/SlideToolkit/Cellprofiler/CD34%20LRP%20pipeline%20-%20done/test/AE5.T02-6890.CD34.X4000.Y4000.normalized.tile.tissue.png,0,AE5,nan,CD34,0,T02-6890,X4000,Y4000,3,836.2931034482758,1941.3477011494253,0,235
1,236,nan,file:/Users/tpeters4/Library/CloudStorage/OneDrive-UMCUtrecht/Documenten/PhD%20Documents/Projecten/SlideToolkit/Cellprofiler/CD34%20LRP%20pipeline%20-%20done/test/AE5.T02-6890.CD34.X4000.Y4000.normalized.tile.tissue.png,0,AE5,nan,CD34,0,T02-6890,X4000,Y4000,1,1114.113475177305,1938.6808510638298,0,236
1,237,nan,file:/Users/tpeters4/Library/CloudStorage/OneDrive-UMCUtrecht/Documenten/PhD%20Documents/Projecten/SlideToolkit/Cellprofiler/CD34%20LRP%20pipeline%20-%20done/test/AE5.T02-6890.CD34.X4000.Y4000.normalized.tile.tissue.png,0,AE5,nan,CD34,0,T02-6890,X4000,Y4000,0,1193.7699115044247,1939.7433628318583,0,237
1,238,nan,file:/Users/tpeters4/Library/CloudStorage/OneDrive-UMCUtrecht/Documenten/PhD%20Documents/Projecten/SlideToolkit/Cellprofiler/CD34%20LRP%20pipeline%20-%20done/test/AE5.T02-6890.CD34.X4000.Y4000.normalized.tile.tissue.png,0,AE5,nan,CD34,0,T02-6890,X4000,Y4000,1,432.3739837398374,1941.1707317073171,0,238
1,239,nan,file:/Users/tpeters4/Library/CloudStorage/OneDrive-UMCUtrecht/Documenten/PhD%20Documents/Projecten/SlideToolkit/Cellprofiler/CD34%20LRP%20pipeline%20-%20done/test/AE5.T02-6890.CD34.X4000.Y4000.normalized.tile.tissue.png,0,AE5,nan,CD34,0,T02-6890,X4000,Y4000,0,1153.4814814814815,1945.0,0,239
1,240,nan,file:/Users/tpeters4/Library/CloudStorage/OneDrive-UMCUtrecht/Documenten/PhD%20Documents/Projecten/SlideToolkit/Cellprofiler/CD34%20LRP%20pipeline%20-%20done/test/AE5.T02-6890.CD34.X4000.Y4000.normalized.tile.tissue.png,0,AE5,nan,CD34,0,T02-6890,X4000,Y4000,0,926.1491228070175,1951.2543859649122,0,240
1,241,nan,file:/Users/tpeters4/Library/CloudStorage/OneDrive-UMCUtrecht/Documenten/PhD%20Documents/Projecten/SlideToolkit/Cellprofiler/CD34%20LRP%20pipeline%20-%20done/test/AE5.T02-6890.CD34.X4000.Y4000.normalized.tile.tissue.png,0,AE5,nan,CD34,0,T02-6890,X4000,Y4000,0,1171.949494949495,1954.878787878788,0,241
1,242,nan,file:/Users/tpeters4/Library/CloudStorage/OneDrive-UMCUtrecht/Documenten/PhD%20Documents/Projecten/SlideToolkit/Cellprofiler/CD34%20LRP%20pipeline%20-%20done/test/AE5.T02-6890.CD34.X4000.Y4000.normalized.tile.tissue.png,0,AE5,nan,CD34,0,T02-6890,X4000,Y4000,0,1015.7012987012987,1968.6363636363637,0,242
1,243,nan,file:/Users/tpeters4/Library/CloudStorage/OneDrive-UMCUtrecht/Documenten/PhD%20Documents/Projecten/SlideToolkit/Cellprofiler/CD34%20LRP%20pipeline%20-%20done/test/AE5.T02-6890.CD34.X4000.Y4000.normalized.tile.tissue.png,0,AE5,nan,CD34,0,T02-6890,X4000,Y4000,1,1242.3473132372214,1967.129750982962,0,243
1,244,nan,file:/Users/tpeters4/Library/CloudStorage/OneDrive-UMCUtrecht/Documenten/PhD%20Documents/Projecten/SlideToolkit/Cellprofiler/CD34%20LRP%20pipeline%20-%20done/test/AE5.T02-6890.CD34.X4000.Y4000.normalized.tile.tissue.png,0,AE5,nan,CD34,0,T02-6890,X4000,Y4000,1,1080.1604938271605,1951.5802469135801,0,244
1,245,nan,file:/Users/tpeters4/Library/CloudStorage/OneDrive-UMCUtrecht/Documenten/PhD%20Documents/Projecten/SlideToolkit/Cellprofiler/CD34%20LRP%20pipeline%20-%20done/test/AE5.T02-6890.CD34.X4000.Y4000.normalized.tile.tissue.png,0,AE5,nan,CD34,0,T02-6890,X4000,Y4000,2,98.45796460176992,1972.1283185840707,0,245
1,246,nan,file:/Users/tpeters4/Library/CloudStorage/OneDrive-UMCUtrecht/Documenten/PhD%20Documents/Projecten/SlideToolkit/Cellprofiler/CD34%20LRP%20pipeline%20-%20done/test/AE5.T02-6890.CD34.X4000.Y4000.normalized.tile.tissue.png,0,AE5,nan,CD34,0,T02-6890,X4000,Y4000,0,462.5,1956.2295081967213,0,246
1,247,nan,file:/Users/tpeters4/Library/CloudStorage/OneDrive-UMCUtrecht/Documenten/PhD%20Documents/Projecten/SlideToolkit/Cellprofiler/CD34%20LRP%20pipeline%20-%20done/test/AE5.T02-6890.CD34.X4000.Y4000.normalized.tile.tissue.png,0,AE5,nan,CD34,0,T02-6890,X4000,Y4000,1,1200.9711538461538,1959.125,0,247
1,248,nan,file:/Users/tpeters4/Library/CloudStorage/OneDrive-UMCUtrecht/Documenten/PhD%20Documents/Projecten/SlideToolkit/Cellprofiler/CD34%20LRP%20pipeline%20-%20done/test/AE5.T02-6890.CD34.X4000.Y4000.normalized.tile.tissue.png,0,AE5,nan,CD34,0,T02-6890,X4000,Y4000,1,713.5267175572519,1961.4656488549617,0,248
1,249,nan,file:/Users/tpeters4/Library/CloudStorage/OneDrive-UMCUtrecht/Documenten/PhD%20Documents/Projecten/SlideToolkit/Cellprofiler/CD34%20LRP%20pipeline%20-%20done/test/AE5.T02-6890.CD34.X4000.Y4000.normalized.tile.tissue.png,0,AE5,nan,CD34,0,T02-6890,X4000,Y4000,1,20.009345794392523,1968.322429906542,0,249
1,250,nan,file:/Users/tpeters4/Library/CloudStorage/OneDrive-UMCUtrecht/Documenten/PhD%20Documents/Projecten/SlideToolkit/Cellprofiler/CD34%20LRP%20pipeline%20-%20done/test/AE5.T02-6890.CD34.X4000.Y4000.normalized.tile.tissue.png,0,AE5,nan,CD34,0,T02-6890,X4000,Y4000,1,758.0365853658536,1958.719512195122,0,250
1,251,nan,file:/Users/tpeters4/Library/CloudStorage/OneDrive-UMCUtrecht/Documenten/PhD%20Documents/Projecten/SlideToolkit/Cellprofiler/CD34%20LRP%20pipeline%20-%20done/test/AE5.T02-6890.CD34.X4000.Y4000.normalized.tile.tissue.png,0,AE5,nan,CD34,0,T02-6890,X4000,Y4000,0,826.5268292682927,1965.878048780488,0,251
1,252,nan,file:/Users/tpeters4/Library/CloudStorage/OneDrive-UMCUtrecht/Documenten/PhD%20Documents/Projecten/SlideToolkit/Cellprofiler/CD34%20LRP%20pipeline%20-%20done/test/AE5.T02-6890.CD34.X4000.Y4000.normalized.tile.tissue.png,0,AE5,nan,CD34,0,T02-6890,X4000,Y4000,0,1031.3023255813953,1971.6279069767443,0,252
1,253,nan,file:/Users/tpeters4/Library/CloudStorage/OneDrive-UMCUtrecht/Documenten/PhD%20Documents/Projecten/SlideToolkit/Cellprofiler/CD34%20LRP%20pipeline%20-%20done/test/AE5.T02-6890.CD34.X4000.Y4000.normalized.tile.tissue.png,0,AE5,nan,CD34,0,T02-6890,X4000,Y4000,0,1093.1407407407407,1970.5740740740741,0,253
1,254,nan,file:/Users/tpeters4/Library/CloudStorage/OneDrive-UMCUtrecht/Documenten/PhD%20Documents/Projecten/SlideToolkit/Cellprofiler/CD34%20LRP%20pipeline%20-%20done/test/AE5.T02-6890.CD34.X4000.Y4000.normalized.tile.tissue.png,0,AE5,nan,CD34,0,T02-6890,X4000,Y4000,0,789.12,1977.936,0,254
1,255,nan,file:/Users/tpeters4/Library/CloudStorage/OneDrive-UMCUtrecht/Documenten/PhD%20Documents/Projecten/SlideToolkit/Cellprofiler/CD34%20LRP%20pipeline%20-%20done/test/AE5.T02-6890.CD34.X4000.Y4000.normalized.tile.tissue.png,0,AE5,nan,CD34,0,T02-6890,X4000,Y4000,2,922.3975903614457,1970.3975903614457,0,255
1,256,nan,file:/Users/tpeters4/Library/CloudStorage/OneDrive-UMCUtrecht/Documenten/PhD%20Documents/Projecten/SlideToolkit/Cellprofiler/CD34%20LRP%20pipeline%20-%20done/test/AE5.T02-6890.CD34.X4000.Y4000.normalized.tile.tissue.png,0,AE5,nan,CD34,0,T02-6890,X4000,Y4000,0,667.6911314984709,1984.565749235474,0,256
1,257,nan,file:/Users/tpeters4/Library/CloudStorage/OneDrive-UMCUtrecht/Documenten/PhD%20Documents/Projecten/SlideToolkit/Cellprofiler/CD34%20LRP%20pipeline%20-%20done/test/AE5.T02-6890.CD34.X4000.Y4000.normalized.tile.tissue.png,0,AE5,nan,CD34,0,T02-6890,X4000,Y4000,0,771.1224489795918,1981.5816326530612,0,257
1,258,nan,file:/Users/tpeters4/Library/CloudStorage/OneDrive-UMCUtrecht/Documenten/PhD%20Documents/Projecten/SlideToolkit/Cellprofiler/CD34%20LRP%20pipeline%20-%20done/test/AE5.T02-6890.CD34.X4000.Y4000.normalized.tile.tissue.png,0,AE5,nan,CD34,0,T02-6890,X4000,Y4000,0,1277.4330708661416,1992.755905511811,0,258
1,259,nan,file:/Users/tpeters4/Library/CloudStorage/OneDrive-UMCUtrecht/Documenten/PhD%20Documents/Projecten/SlideToolkit/Cellprofiler/CD34%20LRP%20pipeline%20-%20done/test/AE5.T02-6890.CD34.X4000.Y4000.normalized.tile.tissue.png,0,AE5,nan,CD34,0,T02-6890,X4000,Y4000,0,835.515625,1989.8072916666667,0,259
1,260,nan,file:/Users/tpeters4/Library/CloudStorage/OneDrive-UMCUtrecht/Documenten/PhD%20Documents/Projecten/SlideToolkit/Cellprofiler/CD34%20LRP%20pipeline%20-%20done/test/AE5.T02-6890.CD34.X4000.Y4000.normalized.tile.tissue.png,0,AE5,nan,CD34,0,T02-6890,X4000,Y4000,0,1031.321212121212,1992.7939393939394,0,260
1,261,nan,file:/Users/tpeters4/Library/CloudStorage/OneDrive-UMCUtrecht/Documenten/PhD%20Documents/Projecten/SlideToolkit/Cellprofiler/CD34%20LRP%20pipeline%20-%20done/test/AE5.T02-6890.CD34.X4000.Y4000.normalized.tile.tissue.png,0,AE5,nan,CD34,0,T02-6890,X4000,Y4000,0,349.70754716981133,1996.1415094339623,0,261
1,262,nan,file:/Users/tpeters4/Library/CloudStorage/OneDrive-UMCUtrecht/Documenten/PhD%20Documents/Projecten/SlideToolkit/Cellprofiler/CD34%20LRP%20pipeline%20-%20done/test/AE5.T02-6890.CD34.X4000.Y4000.normalized.tile.tissue.png,0,AE5,nan,CD34,0,T02-6890,X4000,Y4000,0,1520.3625,1994.975,0,262
1,263,nan,file:/Users/tpeters4/Library/CloudStorage/OneDrive-UMCUtrecht/Documenten/PhD%20Documents/Projecten/SlideToolkit/Cellprofiler/CD34%20LRP%20pipeline%20-%20done/test/AE5.T02-6890.CD34.X4000.Y4000.normalized.tile.tissue.png,0,AE5,nan,CD34,0,T02-6890,X4000,Y4000,0,1008.6111111111111,1996.2222222222222,0,263
